scan,variant,obj,J0,gnorm,dhat_t_mm,dhat_r_deg,tstar_mm,rstar_deg,gnstar
0,self,p2p,0.0,1.4021999328926606e-05,0.006720068172597158,0.0003864180132402396,0.0,0.0,1.4021999328926606e-05
0,self,p2l,0.0,8.388970454288818e-06,0.013986542766688072,0.0012807390771853737,0.0,0.0,8.388970454288818e-06
0,self_noise,p2p,9.125524162099291e-05,0.00020351210515521764,0.23465418271313668,0.04872330574343994,0.23334912366093213,0.050000524144937115,2.560897022607552e-06
0,self_noise,p2l,5.505727465112068e-05,0.00019956110606038653,0.3508970319252904,0.02772015389631595,0.3541239513851642,0.016091690933532465,3.9461227755937754e-05
5,self,p2p,0.0,1.0207561450246398e-05,0.004737742561176347,0.0003000646346541996,0.0,0.0,1.0207561450246398e-05
5,self,p2l,0.0,8.422442576855552e-06,0.0117821010364593,0.0007370648635302191,0.0,0.0,8.422442576855552e-06
5,self_noise,p2p,9.106493130370747e-05,0.0002668690716704455,0.5092619833100809,0.04966173197925302,0.5210690051645275,0.04549639609823191,1.155112972980114e-05
5,self_noise,p2l,5.539083049436198e-05,0.00020752260073717335,0.4609583952095462,0.08963977027444789,0.46591171712628343,0.0617016418857282,5.515561844711311e-05
10,self,p2p,0.0,9.38646913652011e-06,0.0036061206031681343,0.0002812623104004785,0.0,0.0,9.38646913652011e-06
10,self,p2l,0.0,1.0225157753824436e-05,0.015024217068023054,0.0016740763825791435,0.0,0.0,1.0225157753824436e-05
10,self_noise,p2p,9.09137170667971e-05,0.00016416108327616292,0.21568516617458405,0.04758054297618924,0.1930819853229928,0.04855090508347121,1.4991846515682632e-05
10,self_noise,p2l,5.468707162042587e-05,0.00017441729591599145,0.35262131369670346,0.044160321539286895,0.0,0.0,0.00017441729591599145
15,self,p2p,0.0,1.105331943332961e-05,0.005359998864435839,0.00036291068210582547,0.0,0.0,1.105331943332961e-05
15,self,p2l,0.0,8.984317469909237e-06,0.00791295642191325,0.0021984803872915656,0.0,0.0,8.984317469909237e-06
15,self_noise,p2p,9.27003810699093e-05,0.0001740266619496852,0.3262686197185782,0.03699885429175815,0.3349710253782735,0.03816500993380531,1.691693316622951e-07
15,self_noise,p2l,5.593684511092048e-05,0.0001635540012659701,0.3001691849377367,0.04257028456400315,0.37556880213523564,0.052393145139580356,1.6185150382863275e-05
20,self,p2p,0.0,8.140154137277821e-06,0.004672467847994275,0.00015482071395039805,0.0,0.0,8.140154137277821e-06
20,self,p2l,0.0,7.4424262626831e-06,0.00922527098653006,0.0014970238107144818,0.0,0.0,7.4424262626831e-06
20,self_noise,p2p,8.984165293780355e-05,0.00023799363573872445,0.428601613378798,0.037935742880835926,0.42390207210929914,0.03785070614276669,6.792475123936797e-06
20,self_noise,p2l,5.4031268661241574e-05,0.00022411091712233337,0.43853723224017765,0.07197530833660078,0.47468107836732154,0.07717397827290981,5.136139873624533e-05
25,self,p2p,0.0,1.551970030615359e-05,0.00793486838994839,0.0002583588584701425,0.0,0.0,1.551970030615359e-05
25,self,p2l,0.0,7.442060396790303e-06,0.011273499733225681,0.0004311461809822343,0.0,0.0,7.442060396790303e-06
25,self_noise,p2p,9.181844364076785e-05,0.00014303353545645412,0.2213581907249505,0.033611891355810816,0.15452002628320455,0.007128372699366799,6.458276843404206e-05
25,self_noise,p2l,5.506106058645746e-05,0.00012169770408849567,0.1472383977200809,0.02941074074426725,0.23186728700268183,0.016864005640807932,4.285555626226306e-05
30,self,p2p,0.0,2.193048691183036e-05,0.01141019523181704,0.00046781504450804016,0.0,0.0,2.193048691183036e-05
30,self,p2l,0.0,5.2099689121378326e-06,0.008743726771062721,0.0012269180621044236,0.0,0.0,5.2099689121378326e-06
30,self_noise,p2p,8.936259130222486e-05,0.00010584196426319187,0.19533074838141437,0.02471791684492193,0.20230473663490617,0.025860335320404493,6.925052694516785e-06
30,self_noise,p2l,5.290673573490781e-05,9.670798923801886e-05,0.18933080309264425,0.012191600544707182,0.09364914074719752,0.0013825670097442038,5.295153768329514e-05
35,self,p2p,0.0,1.7194885436265244e-05,0.009888603242730071,0.0002349726797467344,0.0,0.0,1.7194885436265244e-05
35,self,p2l,0.0,9.011700760376324e-06,0.012300250640352898,0.0011943385987245685,0.0,0.0,9.011700760376324e-06
35,self_noise,p2p,9.10798685401821e-05,0.00018201302401166532,0.3109725931699712,0.03477678731766006,0.334356678804367,0.028283432282368702,3.536427798242872e-05
35,self_noise,p2l,5.5014835230137154e-05,0.00011644534199724219,0.20207464710506065,0.027977363053430286,0.0,0.0,0.00011644534199724219
40,self,p2p,0.0,1.956232250376251e-05,0.010664092215211876,0.0004331279233499435,0.0,0.0,1.956232250376251e-05
40,self,p2l,0.0,1.1424167899732316e-05,0.014103589829481341,0.0015647265360562174,0.0,0.0,1.1424167899732316e-05
40,self_noise,p2p,8.99520931461539e-05,0.0001811469961266261,0.3468746686533849,0.031517386286312885,0.3470600056490889,0.031600758766437365,9.51544988333752e-08
40,self_noise,p2l,5.362269326235576e-05,0.00017935908046032062,0.3719326644023608,0.02289277657673126,0.0,0.0,0.00017935908046032062
45,self,p2p,0.0,1.7039972117785508e-05,0.008719496487413972,0.0004931403583151193,0.0,0.0,1.7039972117785508e-05
45,self,p2l,0.0,3.832573553414732e-06,0.004636492988304949,0.0009117543472936718,0.0,0.0,3.832573553414732e-06
45,self_noise,p2p,9.047621565181825e-05,0.00014723702372426684,0.103639761702251,0.030816407084917726,0.08744438173682843,0.030681808528574817,2.038753222888851e-06
45,self_noise,p2l,5.493364484223848e-05,0.00020269511569578536,0.29942722120738485,0.02410338250004661,0.18515831433183447,0.005123069336303096,9.360817286881845e-05
50,self,p2p,0.0,8.035678967061036e-06,0.004365677101905158,0.0002803162378438698,0.0,0.0,8.035678967061036e-06
50,self,p2l,0.0,6.9547650212912615e-06,0.009987407501913606,0.000706786398590938,0.0,0.0,6.9547650212912615e-06
50,self_noise,p2p,9.141059748266863e-05,0.00014652944092889513,0.12729327810021307,0.030281550320490448,0.12274606953107024,0.030543858960425142,9.34769525533696e-07
50,self_noise,p2l,5.536407221801653e-05,0.0001398620572068349,0.25120738901670564,0.009380338659476729,0.26422091971192047,0.012352928385477456,1.2335667997389179e-05
55,self,p2p,0.0,2.0846090502759004e-05,0.01113173701226183,0.0003252645886370876,0.0,0.0,2.0846090502759004e-05
55,self,p2l,0.0,8.284688409461139e-06,0.01322504294247743,0.0011785861351561238,0.0,0.0,8.284688409461139e-06
55,self_noise,p2p,8.987060017878553e-05,0.00012714555337559337,0.17291951345550854,0.027541647183231287,0.1868128507368903,0.018858903441978866,1.694309017539529e-05
55,self_noise,p2l,5.3561981825499155e-05,0.00013588742911619804,0.1689066590926603,0.07555115800095671,0.15932194645161402,0.06251292745959472,2.316313313736979e-05
60,self,p2p,0.0,1.501912147764361e-05,0.008409884325406415,0.0003708849702624791,0.0,0.0,1.501912147764361e-05
60,self,p2l,0.0,7.938715824349134e-06,0.009006846912038787,0.0010109196498220112,0.0,0.0,7.938715824349134e-06
60,self_noise,p2p,9.322704868915203e-05,0.0001823441078945984,0.30631224418541664,0.03734189462325776,0.31074582180647653,0.04066629370813524,1.6079970667718821e-06
60,self_noise,p2l,5.723544101143108e-05,0.0001279775479971081,0.23579497856049886,0.027112827456660948,0.28721362997868766,0.018045385044348043,2.8992582853842985e-05
65,self,p2p,0.0,1.4248637409771811e-05,0.008060674876742432,0.0002433870036772629,0.0,0.0,1.4248637409771811e-05
65,self,p2l,0.0,2.3128054392648507e-06,0.0035922876054440413,0.00026810514794107116,0.0,0.0,2.3128054392648507e-06
65,self_noise,p2p,9.02845193501889e-05,0.00011008113410200299,0.14609999849738517,0.027917113412103595,0.15966220086736702,0.028419198935005427,3.953797045975643e-06
65,self_noise,p2l,5.419865971083782e-05,6.853371200841337e-05,0.07062528814467293,0.023723426436831545,0.0708025325013289,0.0045350174254912305,3.2160402092153915e-05
70,self,p2p,0.0,1.0464079925337224e-05,0.0055709083984784,0.00013866787392562973,0.0,0.0,1.0464079925337224e-05
70,self,p2l,0.0,7.583839239812164e-06,0.010484440220374447,0.0017659340175352064,0.0,0.0,7.583839239812164e-06
70,self_noise,p2p,9.167390816240777e-05,0.00017052140441914973,0.31120487563297383,0.02016584814844665,0.32348267252122265,0.022042642533917245,1.263665223326328e-05
70,self_noise,p2l,5.589541880319923e-05,0.00015876282735971463,0.3203180704662925,0.027143360096338633,0.3582892577302395,0.025543093420016368,2.655257662048342e-05
75,self,p2p,0.0,9.067164008383551e-06,0.0037214097100907663,0.00039818254963673523,0.0,0.0,9.067164008383551e-06
75,self,p2l,0.0,5.2602482541634926e-06,0.007434297809748556,0.0003755754368749182,0.0,0.0,5.2602482541634926e-06
75,self_noise,p2p,9.006073351797871e-05,0.0001429753938228741,0.1497750575144695,0.06827587715371498,0.14446737566007095,0.06957414783953014,8.10870140797745e-08
75,self_noise,p2l,5.397417631090911e-05,9.844989405018525e-05,0.04096133726139739,0.04909859029128974,0.0,0.0,9.844989405018525e-05
80,self,p2p,0.0,1.0331832469428779e-05,0.005070670900969521,0.0005412065823881916,0.0,0.0,1.0331832469428779e-05
80,self,p2l,0.0,6.393911463028903e-06,0.010196776431492582,0.00021373537233251234,0.0,0.0,6.393911463028903e-06
80,self_noise,p2p,8.858783457821994e-05,0.0001904902017154981,0.3154163614873309,0.030476119563119856,0.32490903794430814,0.02705800892014653,6.930933057238857e-07
80,self_noise,p2l,5.244478709282267e-05,0.00015436701830848757,0.29461187676377476,0.00986845051324681,0.29244443890005944,0.006063283117458846,1.4106995864379322e-05
85,self,p2p,0.0,1.1401732943717281e-05,0.004076270804438373,0.0006236190740289825,0.0,0.0,1.1401732943717281e-05
85,self,p2l,0.0,6.8880610392891304e-06,0.006247531793620071,0.0019196244648965997,0.0,0.0,6.8880610392891304e-06
85,self_noise,p2p,9.190791324223344e-05,0.00022307027858510815,0.2752675777133396,0.036953066002519755,0.27822375524712256,0.04124407276718707,3.868207800964252e-06
85,self_noise,p2l,5.536892156146888e-05,0.00020798455137553538,0.3544055789853367,0.022254216632343792,0.3020789964753324,0.010542420309457212,4.7129169460941626e-05
90,self,p2p,0.0,1.98379194922222e-05,0.010960011767467612,0.00024249468691136698,0.0,0.0,1.98379194922222e-05
90,self,p2l,0.0,7.511761625280551e-06,0.009885260893833436,0.0010166087147647426,0.0,0.0,7.511761625280551e-06
90,self_noise,p2p,8.973756041238051e-05,0.00012259174374614298,0.17700139682497296,0.026290027477089035,0.17828469173526718,0.029434842731323126,6.831806713215673e-06
90,self_noise,p2l,5.42359353866849e-05,0.00014317433872644504,0.16747533926493643,0.029808068743921296,0.23600331655960835,0.01863482171937272,4.3899874975768e-05
95,self,p2p,0.0,1.3394353877878953e-05,0.0071041717139704134,0.0005319044571910247,0.0,0.0,1.3394353877878953e-05
95,self,p2l,0.0,3.836156220171448e-06,0.003936670032524094,0.0012814697343557229,0.0,0.0,3.836156220171448e-06
95,self_noise,p2p,9.07144915983126e-05,9.014412707887882e-05,0.1777841977881133,0.03463923543654108,0.17905983228863773,0.030067427923995183,1.028537216470149e-05
95,self_noise,p2l,5.429512928459573e-05,7.259031713341074e-05,0.15667013223173948,0.021472499506931045,0.05886015763640394,0.002434117300131613,5.760485446604186e-05
100,self,p2p,0.0,1.7163910820362086e-05,0.009229214442470865,0.0005455153886072927,0.0,0.0,1.7163910820362086e-05
100,self,p2l,0.0,5.768792681880335e-06,0.009211293277295038,0.0018008687895379465,0.0,0.0,5.768792681880335e-06
100,self_noise,p2p,9.140791804277342e-05,0.0001636353740800793,0.07584580842484932,0.03550389943175841,0.07138078973194739,0.0355150795956486,7.680417256418416e-07
100,self_noise,p2l,5.495484387579591e-05,0.00013489245586225504,0.11961253727697367,0.03074552906384255,0.09863623986870919,0.030305340777689146,1.597222972127707e-05
105,self,p2p,0.0,1.032461301512083e-05,0.005678230666520499,0.00028799467934857313,0.0,0.0,1.032461301512083e-05
105,self,p2l,0.0,6.120176429021408e-06,0.010466436397413648,0.0006616683147893463,0.0,0.0,6.120176429021408e-06
105,self_noise,p2p,8.981190572410704e-05,0.00020798942188535367,0.3446489109423197,0.031114310941314883,0.34601271149412627,0.030954104745995012,4.860949027554864e-07
105,self_noise,p2l,5.3894498045988324e-05,0.00015503416701233354,0.27798750176348186,0.005199474369288311,0.15307686919850577,0.0014070343992000267,7.48520054601023e-05
110,self,p2p,0.0,7.870894920574363e-06,0.003509045045810617,0.00022853319903055075,0.0,0.0,7.870894920574363e-06
110,self,p2l,0.0,5.545316989900483e-06,0.006750568031812664,0.0010944677555856561,0.0,0.0,5.545316989900483e-06
110,self_noise,p2p,8.984762159774285e-05,9.121465058892713e-05,0.1607341873097589,0.011620328561962691,0.15808296151076603,0.012407054999667716,1.13034879375458e-06
110,self_noise,p2l,5.4008951493720967e-05,0.0001251665171778139,0.25514294757828293,0.039160947179615414,0.1799480865339431,0.005362569953053007,5.8418762063329536e-05
115,self,p2p,0.0,1.7540464334568064e-05,0.009521015127257056,0.0005581674645439843,0.0,0.0,1.7540464334568064e-05
115,self,p2l,0.0,5.673540634635308e-06,0.008099790956069434,0.001120370482048045,0.0,0.0,5.673540634635308e-06
115,self_noise,p2p,8.946020721802963e-05,0.00012388406786524914,0.21393493516854714,0.03956611277440563,0.22457462365984618,0.03868394544515821,1.0396081729517126e-05
115,self_noise,p2l,5.3037359413030994e-05,0.00012243213452388556,0.23992313991153386,0.020814984996401126,0.0,0.0,0.00012243213452388556
120,self,p2p,0.0,2.142448340535868e-05,0.01223450807726215,0.00035615142424725487,0.0,0.0,2.142448340535868e-05
120,self,p2l,0.0,7.271718981350304e-06,0.010852032210519244,0.0003086705857790925,0.0,0.0,7.271718981350304e-06
120,self_noise,p2p,9.236105273613e-05,0.00017870288290908572,0.25615764913406325,0.08400657014085917,0.2626932305428812,0.08074222352391719,1.2929074590792227e-07
120,self_noise,p2l,5.6039502798139824e-05,0.00015426595583275604,0.29465270943534083,0.06388637094726489,0.179566674445499,0.018567824603372324,9.632181236331356e-05
125,self,p2p,0.0,1.6082648740108972e-05,0.00929184389288488,0.00017137058877095642,0.0,0.0,1.6082648740108972e-05
125,self,p2l,0.0,5.8740428947148305e-06,0.008262759498932964,0.0011628018122846408,0.0,0.0,5.8740428947148305e-06
125,self_noise,p2p,8.86189788125495e-05,0.00017602808348539688,0.17642562914472884,0.03342950735421039,0.2063852876457185,0.028637566804350804,2.0683608865186074e-05
125,self_noise,p2l,5.2975720731487655e-05,0.00012017391557330313,0.1853310665663589,0.015153442762576134,0.18393097301751463,0.007254737414400825,1.951191976227826e-05
130,self,p2p,0.0,1.920021156663603e-05,0.00848763577456082,0.0005635380278548483,0.0,0.0,1.920021156663603e-05
130,self,p2l,0.0,4.887586584447262e-06,0.005312082532527854,0.0015025758685213977,0.0,0.0,4.887586584447262e-06
130,self_noise,p2p,8.91826121232706e-05,0.00012847949627342717,0.24129636457891626,0.020467925980343405,0.24022353788888648,0.02077079393251436,3.9331944245958337e-07
130,self_noise,p2l,5.3407163009177336e-05,0.0001507124729571864,0.2574443590529577,0.09573185285159523,0.25473376480327764,0.0703102687952601,2.4304064845916075e-05
135,self,p2p,0.0,1.744446583857417e-05,0.010050014356768592,0.0004565991533576327,0.0,0.0,1.744446583857417e-05
135,self,p2l,0.0,6.267050829051988e-06,0.010604242113869688,0.0007591680683354034,0.0,0.0,6.267050829051988e-06
135,self_noise,p2p,9.178119784058923e-05,0.00010016405557466532,0.055782889942732145,0.031786027974125435,0.06542657916536633,0.026606676331501534,1.9820610597237817e-05
135,self_noise,p2l,5.5379894848490256e-05,0.00014020351533467097,0.2560303949452509,0.030675618278724982,0.2264670090724441,0.01822059468659361,2.9143702094214393e-05
140,self,p2p,0.0,6.507141840545122e-06,0.003053194751655404,0.00033537762371254394,0.0,0.0,6.507141840545122e-06
140,self,p2l,0.0,7.3962415564873895e-06,0.009877711923733051,0.0011794432633366644,0.0,0.0,7.3962415564873895e-06
140,self_noise,p2p,9.113068806442883e-05,0.00016567922114250796,0.29793240101745644,0.03640121667822209,0.29134952709234063,0.0342963459606355,1.4944724345546404e-06
140,self_noise,p2l,5.4640152198981756e-05,0.00015055749277136207,0.2700989904779441,0.017472124171369136,0.14373955238350983,0.0025665054042215713,7.818015222128083e-05
145,self,p2p,0.0,8.771572607552426e-06,0.003906703188001899,0.0003353789284215478,0.0,0.0,8.771572607552426e-06
145,self,p2l,0.0,5.555702746429918e-06,0.004781373555955668,0.0011331154661712282,0.0,0.0,5.555702746429918e-06
145,self_noise,p2p,9.090051558333388e-05,6.189190226715157e-05,0.07513534346319581,0.03288935886476078,0.08610436706827816,0.03255101318107252,5.205871953073624e-06
145,self_noise,p2l,5.45922685159207e-05,8.971922567497949e-05,0.12194522484493414,0.05483962744295342,0.13599896695419633,0.019812318959979137,5.4199316046792524e-05
150,self,p2p,0.0,2.183338347104974e-05,0.012180038185335381,0.0003239735694082765,0.0,0.0,2.183338347104974e-05
150,self,p2l,0.0,6.502224133788794e-06,0.010198012714093823,0.0009137654975796206,0.0,0.0,6.502224133788794e-06
150,self_noise,p2p,9.075616938637978e-05,0.0002402162453565304,0.4323395583679151,0.02276234472334777,0.4211282122623225,0.020260666219367004,8.904000830134333e-06
150,self_noise,p2l,5.474620926497338e-05,0.00022669734270603108,0.4563464885810585,0.054705828548471246,0.48544355409628365,0.022315563008730346,3.358396514691577e-05
155,self,p2p,0.0,2.6498352516640064e-05,0.015148060009915193,0.00032210273323101,0.0,0.0,2.6498352516640064e-05
155,self,p2l,0.0,6.213993538347036e-06,0.009425936423047954,0.0012575814248186176,0.0,0.0,6.213993538347036e-06
155,self_noise,p2p,8.993570803793494e-05,0.0001576396547144318,0.2219145335354178,0.029575028301163396,0.2211605983817093,0.02907581989886303,1.2059359044841956e-05
155,self_noise,p2l,5.3797609668004544e-05,0.00011368948754349378,0.1964578469497425,0.008407405857587787,0.0,0.0,0.00011368948754349378
160,self,p2p,0.0,2.3315170944322845e-05,0.01264517958987885,0.00044595223792454465,0.0,0.0,2.3315170944322845e-05
160,self,p2l,0.0,4.762996103396053e-06,0.007523453616127043,0.0010977504912647316,0.0,0.0,4.762996103396053e-06
160,self_noise,p2p,8.960425623771348e-05,0.00022876502475421053,0.3306853570820014,0.023927377264244022,0.33912128274798403,0.02508970710686712,5.6235852896822665e-06
160,self_noise,p2l,5.359080450149326e-05,0.00018608430849063832,0.31588700129064756,0.04297389886892703,0.03313838288374347,0.0007421121535510434,0.00016519704787838904
165,self,p2p,0.0,1.506004857283733e-05,0.006381718807811626,0.00038599181054098727,0.0,0.0,1.506004857283733e-05
165,self,p2l,0.0,4.766932876799726e-06,0.005137192117210153,0.0012685122745960701,0.0,0.0,4.766932876799726e-06
165,self_noise,p2p,9.007614034270996e-05,0.00021428115965463205,0.32770082554127267,0.06543508496023138,0.3227571186720994,0.0572249010278088,1.2705938108438622e-05
165,self_noise,p2l,5.36918970952714e-05,0.00013214223802464597,0.1494590321441461,0.02928542242598735,0.18997997327405042,0.031800724240848684,1.8859829131416987e-05
170,self,p2p,0.0,9.327460987034628e-06,0.004493538342528958,0.0004993994485658193,0.0,0.0,9.327460987034628e-06
170,self,p2l,0.0,5.190288952313063e-06,0.007985025211006608,0.0005237161358584663,0.0,0.0,5.190288952313063e-06
170,self_noise,p2p,9.053783971733935e-05,0.00023064656739001137,0.44349378103986137,0.03181147771999557,0.31053243830318433,0.010946951849325485,7.890313742652017e-05
170,self_noise,p2l,5.467933252882776e-05,0.00021708297620089983,0.448048528795338,0.03041346335593608,0.47564080833055844,0.01536267737303688,6.557628012277052e-05
175,self,p2p,0.0,2.6529054757141166e-05,0.014868157588196006,0.0005316720365463053,0.0,0.0,2.6529054757141166e-05
175,self,p2l,0.0,8.032634269497913e-06,0.014830501072971347,0.0010197592583017414,0.0,0.0,8.032634269497913e-06
175,self_noise,p2p,8.984180802456379e-05,0.0002844213982761166,0.33189299589983223,0.04266352942950647,0.32240703147195965,0.042661221225026594,6.063297699881009e-06
175,self_noise,p2l,5.3666106591739684e-05,0.00018734547368789536,0.19223871209308832,0.03579315018404715,0.2514318965672959,0.022885734205142862,4.7141566083918505e-05
180,self,p2p,0.0,7.73227044795206e-06,0.004043519899610991,0.00029185246143884747,0.0,0.0,7.73227044795206e-06
180,self,p2l,0.0,5.060837321093885e-06,0.00692825898218645,0.0016526615202708268,0.0,0.0,5.060837321093885e-06
180,self_noise,p2p,9.201037717021008e-05,0.0001025305740420585,0.1262422684259784,0.02536588100681937,0.1176555820384018,0.025822635978039136,8.264145867029876e-06
180,self_noise,p2l,5.493789751477533e-05,8.853852705134451e-05,0.17015845899621476,0.03193959112169989,0.17042348161263185,0.03274273708636012,1.2364363431512937e-05
185,self,p2p,0.0,1.30898322084348e-05,0.006887701010270007,0.0003824579163900921,0.0,0.0,1.30898322084348e-05
185,self,p2l,0.0,7.704744679375958e-06,0.012424285158465212,0.0014909672293606923,0.0,0.0,7.704744679375958e-06
185,self_noise,p2p,9.045198412253781e-05,0.00015940112545146482,0.2162362768372285,0.0670204706502802,0.2487542742060555,0.06838434483356175,1.0086138033091229e-07
185,self_noise,p2l,5.447881773459683e-05,0.0001069598385064999,0.2067699432470123,0.035426016937393695,0.0,0.0,0.0001069598385064999
190,self,p2p,0.0,6.9904781526528004e-06,0.0036605810813467453,0.00027328909105942385,0.0,0.0,6.9904781526528004e-06
190,self,p2l,0.0,8.71852472524535e-06,0.013085038365395684,0.0011801926884471847,0.0,0.0,8.71852472524535e-06
190,self_noise,p2p,9.080643254713713e-05,0.0002226827012733306,0.4159570111535186,0.026187308808703062,0.43646638710364305,0.022033992642884123,2.9946223180115055e-05
190,self_noise,p2l,5.5021857123226135e-05,0.00024180170246750396,0.48757524392390844,0.06004321404121419,0.4817591505604165,0.019607499692354074,4.0153191428864954e-05
195,self,p2p,0.0,2.271748636383236e-05,0.012065156496701373,0.0004605516874220312,0.0,0.0,2.271748636383236e-05
195,self,p2l,0.0,1.2411417188806913e-05,0.019401011054373033,0.0002004631021259378,0.0,0.0,1.2411417188806913e-05
195,self_noise,p2p,9.026814606984376e-05,0.00018798699744589277,0.13133830914692968,0.045909634794987234,0.13424725380415775,0.04611058890508188,9.375922306470052e-06
195,self_noise,p2l,5.4661382344239545e-05,0.00017850582793050055,0.2206107249778878,0.038817633657764285,0.21271282954012352,0.03768284609676466,9.412250266406713e-06
200,self,p2p,0.0,1.114037204535599e-05,0.006353252442089985,0.00023465753597710825,0.0,0.0,1.114037204535599e-05
200,self,p2l,0.0,5.1303332420339354e-06,0.0074569797093166895,0.001070192318669683,0.0,0.0,5.1303332420339354e-06
200,self_noise,p2p,9.204096097283215e-05,0.00020294328956476667,0.19398859684819744,0.05117933325800519,0.20001659717891274,0.049589631931838025,2.3763240189077336e-06
200,self_noise,p2l,5.5293185646454854e-05,0.00014973555180178953,0.1131073160368048,0.03552381080947216,0.16982787860171114,0.02470547667712192,1.0593164813969615e-05
205,self,p2p,0.0,2.628178752296421e-05,0.01534506782129577,0.00019449577615954905,0.0,0.0,2.628178752296421e-05
205,self,p2l,0.0,5.632810975429005e-06,0.007994379565429165,0.0009060086109010774,0.0,0.0,5.632810975429005e-06
205,self_noise,p2p,9.184400199287151e-05,0.00021268160432744837,0.3600422457420438,0.02264208932072585,0.358023712840971,0.02659803332208924,4.0284131610599213e-07
205,self_noise,p2l,5.56203432317371e-05,0.00026553484990075,0.4707312134915514,0.045832252668424854,0.5088198189451544,0.029780203609075247,3.734746134891901e-05
210,self,p2p,0.0,1.2727811350902455e-05,0.0064784910298133274,0.00028184949501619885,0.0,0.0,1.2727811350902455e-05
210,self,p2l,0.0,3.0647380307000047e-06,0.004739991193025356,0.00016777021263211312,0.0,0.0,3.0647380307000047e-06
210,self_noise,p2p,9.07595057686006e-05,0.00014932246814451707,0.22663700371306122,0.019043799692097546,0.2364243161659013,0.01608529671897686,4.044145848037285e-06
210,self_noise,p2l,5.4694177180804325e-05,8.736821171408121e-05,0.1642662029184111,0.022892196431606594,0.0,0.0,8.736821171408121e-05
215,self,p2p,0.0,1.0757455745011427e-05,0.006176161722238753,8.449999922576085e-05,0.0,0.0,1.0757455745011427e-05
215,self,p2l,0.0,4.259951506162313e-06,0.00635671066159122,0.0009281404330721618,0.0,0.0,4.259951506162313e-06
215,self_noise,p2p,9.109015968623252e-05,0.00015048141472836433,0.32046454346068204,0.036401208214036744,0.30767349443057423,0.03405550097073588,7.675373352119954e-06
215,self_noise,p2l,5.5227978069351e-05,0.0001736246732988734,0.381578055609674,0.027479483076792977,0.23864872391294212,0.008212484402812683,7.191079311780522e-05
220,self,p2p,0.0,1.4001598300822627e-05,0.0071686136276560555,0.0005305999941759091,0.0,0.0,1.4001598300822627e-05
220,self,p2l,0.0,7.054180996433516e-06,0.006035554548181984,0.003209775830444048,0.0,0.0,7.054180996433516e-06
220,self_noise,p2p,9.114095238622102e-05,0.0001747849890258429,0.2104774629101383,0.03426243413880665,0.2210294049145593,0.028883569531720683,1.6211986885322945e-05
220,self_noise,p2l,5.549624925985013e-05,0.000180211835513898,0.29965381105082894,0.07899314167782649,0.29361642401255794,0.05900358917145951,1.374797430779696e-05
225,self,p2p,0.0,1.3603270688250596e-05,0.00795900143453831,0.00035572677675590103,0.0,0.0,1.3603270688250596e-05
225,self,p2l,0.0,6.8596680577898085e-06,0.012026287467736553,0.0012453057080135822,0.0,0.0,6.8596680577898085e-06
225,self_noise,p2p,9.123361883340536e-05,0.0002787058429344925,0.3927356803159408,0.04198684607152205,0.4025915472213238,0.0385720898139411,9.4431120383685e-06
225,self_noise,p2l,5.5028361603912716e-05,0.00024374722848923957,0.40252190588645426,0.0779838487232646,0.4091918574510145,0.04937958170800411,1.652749121330124e-05
230,self,p2p,0.0,9.387727288704108e-06,0.004041082059882241,0.0005214335352392687,0.0,0.0,9.387727288704108e-06
230,self,p2l,0.0,5.200749102556258e-06,0.006077054030138106,0.0009283235324027698,0.0,0.0,5.200749102556258e-06
230,self_noise,p2p,9.113300571373531e-05,0.00010401917276440224,0.132270287205956,0.0429863889887073,0.14974861264599576,0.044255789662220615,9.112819350490403e-06
230,self_noise,p2l,5.443770776419009e-05,0.00012670779992264875,0.18075889921169822,0.0296707071522136,0.17209909750711283,0.0208207484502146,2.762067187438064e-05
235,self,p2p,0.0,1.0543813644640641e-05,0.005964924136049217,0.00037205347271355895,0.0,0.0,1.0543813644640641e-05
235,self,p2l,0.0,6.939966991018675e-06,0.008481846660381015,0.00068919650407656,0.0,0.0,6.939966991018675e-06
235,self_noise,p2p,8.972142517572726e-05,0.00018529972442499676,0.18541864641828837,0.0506598269144696,0.1950423359638007,0.05306847923474586,8.60109099622079e-06
235,self_noise,p2l,5.385903684724461e-05,0.0001455634499868237,0.18112863248154476,0.05403519747782563,0.15124744205489266,0.010373843263805452,6.911355665913717e-05
240,self,p2p,0.0,1.1032114706001071e-05,0.005361482595510708,0.00017567814061044177,0.0,0.0,1.1032114706001071e-05
240,self,p2l,0.0,1.0471031977609183e-05,0.01701634135517273,0.0007506571826098818,0.0,0.0,1.0471031977609183e-05
240,self_noise,p2p,9.081840444944603e-05,0.00016780296517356584,0.2584005920333441,0.027179222390718988,0.26179272063536746,0.011749804545672031,3.045392006843684e-05
240,self_noise,p2l,5.506293107041208e-05,0.00015156237469800767,0.24657599953052656,0.07894002497075517,0.2691837642536847,0.03565745525135834,4.440254678982318e-05
245,self,p2p,0.0,1.631103921703989e-05,0.006435846490141809,0.0009944551030964023,0.0,0.0,1.631103921703989e-05
245,self,p2l,0.0,1.0958121770758815e-05,0.019532393735747666,0.0017229684523016868,0.0,0.0,1.0958121770758815e-05
245,self_noise,p2p,8.874325916727358e-05,9.498562909062956e-05,0.17625566335054402,0.023063166427039542,0.1903646858068655,0.022977305760150963,9.702051352050395e-07
245,self_noise,p2l,5.2459177495604715e-05,0.0001712687111261477,0.3401580242663276,0.03951241534521379,0.361093607232824,0.041556592364156986,7.586297835332127e-06
250,self,p2p,0.0,1.0051054837804878e-05,0.004639998132734285,0.00038392562989905145,0.0,0.0,1.0051054837804878e-05
250,self,p2l,0.0,6.694909329606857e-06,0.008877365597321081,0.0010085816739014127,0.0,0.0,6.694909329606857e-06
250,self_noise,p2p,8.892085889510293e-05,0.00011760394679322077,0.16556148501282322,0.039971295542959515,0.15857184868380364,0.0385900915188901,7.2125688214539974e-06
250,self_noise,p2l,5.306703891560319e-05,0.00015400986208740768,0.16539660304093592,0.06342468451337088,0.17277454730673628,0.06116977050976184,2.220685183146203e-05
255,self,p2p,0.0,8.514558558291935e-06,0.004843593488764262,0.00017871371202788226,0.0,0.0,8.514558558291935e-06
255,self,p2l,0.0,4.560105074464604e-06,0.006636620367694372,0.0007786160138106262,0.0,0.0,4.560105074464604e-06
255,self_noise,p2p,9.077952428367825e-05,0.00012008020159839227,0.17279874024517816,0.03008932273278944,0.19017757029001106,0.03222937792115448,1.113647102835644e-05
255,self_noise,p2l,5.4539560502282e-05,0.00012717198556173612,0.2481292404382117,0.024510877923147288,0.11528063503194846,0.0030764627739819973,7.45453599752434e-05
260,self,p2p,0.0,2.288270691815297e-05,0.01335308265898414,0.00019315434273260373,0.0,0.0,2.288270691815297e-05
260,self,p2l,0.0,4.710327761475084e-06,0.007157226168251173,0.0013754160122010565,0.0,0.0,4.710327761475084e-06
260,self_noise,p2p,9.143149204152184e-05,0.00012093701031342649,0.2271506242472018,0.02401456705933796,0.22612620837840214,0.023932481363578333,1.0962072803980432e-05
260,self_noise,p2l,5.5629146759346245e-05,7.507408267858579e-05,0.138885079026614,0.0019018352889890048,0.0,0.0,7.507408267858579e-05
265,self,p2p,0.0,2.576784795572107e-05,0.014575099524998095,0.00022880096922345017,0.0,0.0,2.576784795572107e-05
265,self,p2l,0.0,1.0116134915771745e-05,0.017422885839154557,0.002129436974759041,0.0,0.0,1.0116134915771745e-05
265,self_noise,p2p,9.02224360596654e-05,0.00019994740271247883,0.2667791212143852,0.06518307316732157,0.26792587458020084,0.06265612449438714,3.886178704913207e-06
265,self_noise,p2l,5.4049768896925205e-05,0.00016951038343190704,0.2931763262185275,0.02045865282600395,0.3098020940324322,0.013757981804138664,1.197573921462972e-05
270,self,p2p,0.0,2.178735484347601e-05,0.010189818171543446,0.0007830393513316306,0.0,0.0,2.178735484347601e-05
270,self,p2l,0.0,6.642126756346644e-06,0.010791156209345907,0.0007442830017916704,0.0,0.0,6.642126756346644e-06
270,self_noise,p2p,8.931314805738511e-05,0.00022897948028303186,0.2587392367396111,0.03343153650966445,0.27245565213517,0.03258986622758209,5.430577044806669e-06
270,self_noise,p2l,5.3791087602425457e-05,0.00014762420147154437,0.21613868256882104,0.013837812445371323,0.13534215966419472,0.0033777330481105025,7.326559498097963e-05
275,self,p2p,0.0,1.2449338471093196e-05,0.005694510502940671,0.00026802097597281325,0.0,0.0,1.2449338471093196e-05
275,self,p2l,0.0,1.1146389063098807e-05,0.0156341631911128,0.0011374281287283093,0.0,0.0,1.1146389063098807e-05
275,self_noise,p2p,9.035630480184776e-05,0.0001023155190106378,0.16584694031036948,0.028259083001810514,0.18863933516405576,0.018519886215535845,3.073064873885121e-05
275,self_noise,p2l,5.451639303379047e-05,0.00010460900643060896,0.13257478752290305,0.07238883828185969,0.13896701619854854,0.08435576988979213,1.3427391036808589e-05
280,self,p2p,0.0,1.4445254308522733e-05,0.008221300625398009,0.00019240101668945443,0.0,0.0,1.4445254308522733e-05
280,self,p2l,0.0,6.993576803910666e-06,0.00636999812062051,0.001038691974123001,0.0,0.0,6.993576803910666e-06
280,self_noise,p2p,9.089345024192457e-05,0.00025033509888412996,0.3282570673723714,0.09217427116459928,0.3463298848603848,0.09108733561353793,1.649068796490414e-05
280,self_noise,p2l,5.4707742846546337e-05,0.0001858596387647231,0.31678299317286673,0.06496906067859853,0.3624592474865885,0.05689265780776548,2.8629145691872503e-05
285,self,p2p,0.0,1.9048264434591406e-05,0.0092810013204475,0.0005867649099716845,0.0,0.0,1.9048264434591406e-05
285,self,p2l,0.0,3.5561279270959073e-06,0.005541377586917434,0.00030091037585384424,0.0,0.0,3.5561279270959073e-06
285,self_noise,p2p,9.131123180172298e-05,9.463664662931533e-05,0.07856606982498791,0.025535349865439975,0.09465268299509626,0.01990336624341716,1.8950814518199317e-05
285,self_noise,p2l,5.521819437382546e-05,5.8272034390301764e-05,0.10007957118700485,0.022905226278469467,0.07278284791288595,0.005278682373183639,3.067903150508407e-05
290,self,p2p,0.0,1.74159870456785e-05,0.010078456087416313,0.0002383024326375936,0.0,0.0,1.74159870456785e-05
290,self,p2l,0.0,6.012848244272007e-06,0.010317297404359724,0.000857509666135586,0.0,0.0,6.012848244272007e-06
290,self_noise,p2p,9.166046765334327e-05,0.00020833489404180558,0.3590942984258438,0.060288978292395275,0.38404176250491195,0.06247521000661189,1.410690085601314e-07
290,self_noise,p2l,5.533225345103295e-05,0.0002126008185476275,0.4202224128265897,0.06374822852958523,0.4683728838853883,0.05411656720268948,2.0257938402645404e-05
295,self,p2p,0.0,1.5205730521478044e-05,0.008319271475888223,0.00020386125105584417,0.0,0.0,1.5205730521478044e-05
295,self,p2l,0.0,6.616737848048031e-06,0.010591370309999976,0.0003695262636228546,0.0,0.0,6.616737848048031e-06
295,self_noise,p2p,9.193903726147257e-05,0.00019684672734994807,0.36500511810487885,0.02375843927732557,0.3699575009011033,0.025009475016432522,8.882662080972789e-06
295,self_noise,p2l,5.571612843636823e-05,0.00020837602124241627,0.4329419946683357,0.025232166848064713,0.4485717287845695,0.015127083621448576,3.450640265058462e-05
300,self,p2p,0.0,1.762973442115847e-05,0.0097936395413346,0.0003104617298987305,0.0,0.0,1.762973442115847e-05
300,self,p2l,0.0,3.6983073914459006e-06,0.005509653220660533,0.0008378504157849602,0.0,0.0,3.6983073914459006e-06
300,self_noise,p2p,9.091287254152829e-05,0.00021137878039373978,0.3016952077304432,0.03887495800154799,0.3211048803459347,0.03778746252139785,1.985266288121434e-05
300,self_noise,p2l,5.4536203705329664e-05,0.000166563394615212,0.2420336558693153,0.053777705825302786,0.3122809070626486,0.036921611268250734,5.14532346968269e-05
305,self,p2p,0.0,9.073343885747848e-06,0.003832103358398195,0.0003300995725137183,0.0,0.0,9.073343885747848e-06
305,self,p2l,0.0,5.24827086453311e-06,0.00684789626133098,0.0017623535656834453,0.0,0.0,5.24827086453311e-06
305,self_noise,p2p,8.973744544543733e-05,0.00023778929578440987,0.41371417775406605,0.03104382203495602,0.40599332307839503,0.025041704070188582,4.075922356187181e-06
305,self_noise,p2l,5.343952711418559e-05,0.000163148582955794,0.3191722858876206,0.025167296042324313,0.15997552922184502,0.0018346196016869242,8.511813600654517e-05
310,self,p2p,0.0,6.8698015125185276e-06,0.003720087090498139,0.00027157624412170656,0.0,0.0,6.8698015125185276e-06
310,self,p2l,0.0,4.842943259297117e-06,0.00811935799299929,0.0006865269441941881,0.0,0.0,4.842943259297117e-06
310,self_noise,p2p,9.09003067091174e-05,0.00011707988739389606,0.11763406479841951,0.02093734012411631,0.12671048847054836,0.01577191986764301,9.27881261996537e-06
310,self_noise,p2l,5.4983801827101025e-05,0.0001160684331096231,0.18992527312674562,0.023455580746670947,0.10441422065068635,0.002904365783787629,6.225654187392475e-05
315,self,p2p,0.0,1.4649503741131922e-05,0.005167609284104656,0.0005277299757813001,0.0,0.0,1.4649503741131922e-05
315,self,p2l,0.0,5.024380706035253e-06,0.008561738125192795,0.00044438083186069385,0.0,0.0,5.024380706035253e-06
315,self_noise,p2p,8.958023219352955e-05,0.00016912696583789005,0.2023789101977772,0.053612803571581324,0.1720496464648104,0.050635751696417514,2.9066495607132478e-05
315,self_noise,p2l,5.394704632490022e-05,0.0001755873043134106,0.2588261792603999,0.044223038813084384,0.27431082512851057,0.02936809252867783,5.600001665488393e-05
320,self,p2p,0.0,1.2480886819806784e-05,0.006000183777210989,0.0004429681882947355,0.0,0.0,1.2480886819806784e-05
320,self,p2l,0.0,5.3424705313302e-06,0.007218100332103117,0.000960245040059778,0.0,0.0,5.3424705313302e-06
320,self_noise,p2p,9.134979196293575e-05,0.000162338348663918,0.22274475685431555,0.03500122400965316,0.23338367765468396,0.0385711507717403,1.5273211558485463e-05
320,self_noise,p2l,5.544102046664659e-05,0.0001130363585796525,0.19838598776647043,0.020155770988752614,0.0,0.0,0.0001130363585796525
325,self,p2p,0.0,1.0326217665769332e-05,0.0056424927893246315,0.00021720679425524342,0.0,0.0,1.0326217665769332e-05
325,self,p2l,0.0,8.511683144782419e-06,0.01149305449358468,0.0011080370346722539,0.0,0.0,8.511683144782419e-06
325,self_noise,p2p,9.11960445729469e-05,0.00011792849336489672,0.11484007915545921,0.03224754616749943,0.1269918714337047,0.03088261899691985,1.2014256213174123e-05
325,self_noise,p2l,5.492085892146727e-05,0.00012672110879890076,0.11108218361924253,0.05428143956934273,0.04459312583504565,0.0067961809882063655,0.00010479865732631643
330,self,p2p,0.0,1.2756676765159829e-05,0.006505789060123404,0.00016297612114127145,0.0,0.0,1.2756676765159829e-05
330,self,p2l,0.0,4.299674769963285e-06,0.006855640642658409,0.0007566163064386224,0.0,0.0,4.299674769963285e-06
330,self_noise,p2p,9.096116508315727e-05,0.00028046108873244947,0.41795450238562376,0.035265714928749706,0.44363110205063006,0.02697900067391695,3.031852544695615e-05
330,self_noise,p2l,5.465356642186451e-05,0.00018360357185908782,0.28103699678154165,0.02658584590332208,0.0,0.0,0.00018360357185908782
335,self,p2p,0.0,2.4077180914504498e-05,0.013424530503507408,0.0004236313911191177,0.0,0.0,2.4077180914504498e-05
335,self,p2l,0.0,7.0127819575891196e-06,0.011742095745300428,0.001384775780745297,0.0,0.0,7.0127819575891196e-06
335,self_noise,p2p,9.093890611987885e-05,0.0002011777218759564,0.330285511294032,0.05503370493951272,0.32727769071667867,0.05289109314681777,1.2624967277917727e-05
335,self_noise,p2l,5.510987877339682e-05,0.00023345153848538763,0.5003978028239368,0.01868353245666437,0.2569723683386174,0.0008880364118570617,9.982030898603748e-05
340,self,p2p,0.0,1.59163767649638e-05,0.006223007762271653,0.0007927341696826487,0.0,0.0,1.59163767649638e-05
340,self,p2l,0.0,5.424310678859346e-06,0.006181533902338406,0.0011053220952042865,0.0,0.0,5.424310678859346e-06
340,self_noise,p2p,8.913290742961893e-05,0.0001476720803368416,0.23796579795203573,0.02490348946943446,0.2562621087577711,0.023672831133832523,4.6805008342732916e-06
340,self_noise,p2l,5.36506488387869e-05,0.000165077920759251,0.29600175726359573,0.02755328944031761,0.2859519673044146,0.008963085257184113,3.081393329464253e-05
345,self,p2p,0.0,4.9491076195629495e-06,0.0017789041713954757,0.000286801129799115,0.0,0.0,4.9491076195629495e-06
345,self,p2l,0.0,4.502999041076173e-06,0.00672122425354187,0.0012823597849208304,0.0,0.0,4.502999041076173e-06
345,self_noise,p2p,8.904719979653814e-05,0.0001763263925938493,0.2969188474816289,0.011207797320260544,0.3062480689635094,0.012418776583529245,2.1767139628095766e-06
345,self_noise,p2l,5.339466938332433e-05,0.00015843618252377965,0.2893073290407718,0.03368149718159603,0.1835745092391742,0.00422742360469797,6.315707329860834e-05
350,self,p2p,0.0,1.7128895209337804e-05,0.008592422337844336,0.0004906780058288019,0.0,0.0,1.7128895209337804e-05
350,self,p2l,0.0,7.340872313052863e-06,0.012295853732496573,0.0012037676203760918,0.0,0.0,7.340872313052863e-06
350,self_noise,p2p,9.075733716099312e-05,0.00022259444512253367,0.3308901948305965,0.06416142237545623,0.347097190605748,0.05646727468967935,5.89207140858846e-07
350,self_noise,p2l,5.43937636051231e-05,0.00017926369601726968,0.3312102719108394,0.03240427110219136,0.351119467759542,0.03167080957162875,3.133966778190054e-05
355,self,p2p,0.0,1.6836578961835596e-05,0.00891827642640355,0.00045050546781111235,0.0,0.0,1.6836578961835596e-05
355,self,p2l,0.0,8.293623357273406e-06,0.013277466324526109,0.0009499345575407312,0.0,0.0,8.293623357273406e-06
355,self_noise,p2p,9.080560473358505e-05,0.0001296890424966826,0.17721455828434238,0.04756631314532734,0.16496995136565115,0.05051283421852556,6.444975712017631e-06
355,self_noise,p2l,5.466333518948128e-05,8.694326747844512e-05,0.1434707299452204,0.03528893756382209,0.122274381506907,0.03748152465388309,3.5882973803089245e-05
360,self,p2p,0.0,9.114809648863632e-06,0.004167802305039222,0.00041709000786933236,0.0,0.0,9.114809648863632e-06
360,self,p2l,0.0,5.114111742265605e-06,0.0059266696519086216,0.0011090094547308795,0.0,0.0,5.114111742265605e-06
360,self_noise,p2p,9.1488905660053e-05,0.00014617078256504878,0.2343857194904209,0.02704537736732428,0.18690859996427425,0.012568430767983698,4.310911981180604e-05
360,self_noise,p2l,5.562223405208375e-05,9.880713929381767e-05,0.1950906879183297,0.036888136649830365,0.0,0.0,9.880713929381767e-05
365,self,p2p,0.0,1.6677230674286143e-05,0.009495654944663742,0.00022668434969444528,0.0,0.0,1.6677230674286143e-05
365,self,p2l,0.0,5.35664113692024e-06,0.008843981270737048,0.00038323413992406033,0.0,0.0,5.35664113692024e-06
365,self_noise,p2p,9.077838117014814e-05,0.0001221331969930819,0.17333511791692738,0.019813375865064403,0.12868912001912855,0.005880674102644021,4.884428458789518e-05
365,self_noise,p2l,5.4912804883753734e-05,9.294344158480867e-05,0.12382944955537206,0.026710533369819912,0.11620245289767488,0.019470376060558122,1.8570337236399674e-05
370,self,p2p,0.0,1.5757141776375204e-05,0.008821283279331758,0.00034396483111597844,0.0,0.0,1.5757141776375204e-05
370,self,p2l,0.0,4.482201396405053e-06,0.0068465936083144125,0.0009686178047989747,0.0,0.0,4.482201396405053e-06
370,self_noise,p2p,8.982150035438742e-05,0.00011971205094797434,0.12608470917452475,0.07643926699188308,0.14002167454006276,0.07666800867842782,5.172934107208262e-06
370,self_noise,p2l,5.361048640988503e-05,0.00014432963624923546,0.020497620555782747,0.04608658106501514,0.10685790389814413,0.03782170119331231,5.503881035423745e-05
375,self,p2p,0.0,1.510620093945238e-05,0.008016278447650224,0.00038343220282222945,0.0,0.0,1.510620093945238e-05
375,self,p2l,0.0,8.810611869477987e-06,0.015396153875493219,0.0018393140537829354,0.0,0.0,8.810611869477987e-06
375,self_noise,p2p,8.979532967663677e-05,0.00030429502113146084,0.44108945520575804,0.02909834300325209,0.4390719122390609,0.03313369908342801,1.3505955738523029e-05
375,self_noise,p2l,5.39265250059183e-05,0.00020848851415870801,0.41255141359463793,0.019841160506543994,0.0,0.0,0.00020848851415870801
380,self,p2p,0.0,1.1741604242861169e-05,0.006236048649827791,0.0003796923568136496,0.0,0.0,1.1741604242861169e-05
380,self,p2l,0.0,4.127814475989448e-06,0.0051263211439557645,0.00033932686038181254,0.0,0.0,4.127814475989448e-06
380,self_noise,p2p,9.112929921993842e-05,0.0001717083123985252,0.2009514362523077,0.04070450473083601,0.21314535653720695,0.03628776231156449,1.8256288957834405e-05
380,self_noise,p2l,5.500501033746941e-05,9.987889609248118e-05,0.17361229669529593,0.03383743691048494,0.19008567223917242,0.018174145370287945,2.3106931997272488e-05
385,self,p2p,0.0,1.7906636574742115e-05,0.010384985876358699,0.00024518896398681385,0.0,0.0,1.7906636574742115e-05
385,self,p2l,0.0,7.383968032699386e-06,0.01039699798736393,0.0004907107799770282,0.0,0.0,7.383968032699386e-06
385,self_noise,p2p,9.074557690582828e-05,0.00020076498403721112,0.2923600445413901,0.026331614853768084,0.2874099795371735,0.025648960192171163,4.497721382341668e-06
385,self_noise,p2l,5.3978785455155666e-05,0.000210026426006344,0.32689381096298153,0.03295296926458012,0.35240491537727364,0.017880359904392257,4.8589336148845364e-05
390,self,p2p,0.0,1.3334544681466415e-05,0.004292604007415313,0.0007934231503826461,0.0,0.0,1.3334544681466415e-05
390,self,p2l,0.0,3.1372647357242294e-06,0.005649040438225238,0.0005607722244240018,0.0,0.0,3.1372647357242294e-06
390,self_noise,p2p,9.045882114014692e-05,0.0001653529467130852,0.14329366543066685,0.029427705425137705,0.1517897521584795,0.026741544775314662,9.679222653551809e-07
390,self_noise,p2l,5.3857390680504735e-05,0.0001842454401749745,0.17126224019956957,0.047044379474190864,0.24612125350638636,0.02245110937381092,5.291271624074562e-05
395,self,p2p,0.0,2.0054305268198508e-05,0.011286190890347384,0.0006260063202011974,0.0,0.0,2.0054305268198508e-05
395,self,p2l,0.0,5.861404341589435e-06,0.007813708716359257,0.0010200815802823967,0.0,0.0,5.861404341589435e-06
395,self_noise,p2p,9.065447004095018e-05,0.0001855255799208852,0.20582230628480203,0.06164817002803564,0.1965660395103154,0.06667468945018776,9.281002983271102e-06
395,self_noise,p2l,5.521005035439439e-05,0.00021246990195053565,0.4033400350855183,0.14645375460784554,0.3735979271732218,0.11104444189153422,1.692639120823419e-05
400,self,p2p,0.0,9.952145073758368e-06,0.0052321239828938175,0.0001938022721632337,0.0,0.0,9.952145073758368e-06
400,self,p2l,0.0,8.170408806296831e-06,0.008335658227028425,0.002196370247334709,0.0,0.0,8.170408806296831e-06
400,self_noise,p2p,9.065071958172826e-05,0.00017949327091469763,0.3126322107940868,0.037068651508376065,0.32485879229195364,0.03653449997060692,6.817104458945564e-06
400,self_noise,p2l,5.457082265687209e-05,0.0001403218383742788,0.21035163832899667,0.06007932237543487,0.0,0.0,0.0001403218383742788
405,self,p2p,0.0,1.148983681843536e-05,0.004718450812902937,0.0005639879249343536,0.0,0.0,1.148983681843536e-05
405,self,p2l,0.0,5.783677770967737e-06,0.009659301156421113,0.0005309345000616417,0.0,0.0,5.783677770967737e-06
405,self_noise,p2p,9.045084651173274e-05,0.0001479744356119973,0.2557347954986802,0.03767463418742343,0.26341816764808884,0.035905945579210986,4.741269129292043e-06
405,self_noise,p2l,5.457938806244654e-05,0.00014972192598612,0.2755088296686201,0.05296418794588791,0.0,0.0,0.00014972192598612
410,self,p2p,0.0,1.710134486613584e-05,0.009412645458282605,0.0002275054725827026,0.0,0.0,1.710134486613584e-05
410,self,p2l,0.0,4.244866649260871e-06,0.004468659745781851,0.0007657697727066133,0.0,0.0,4.244866649260871e-06
410,self_noise,p2p,9.093898342591311e-05,0.00013130480196932624,0.15008312830360626,0.06067601075777824,0.13678100384992722,0.056493921181861466,1.5485224874918186e-07
410,self_noise,p2l,5.507904842139227e-05,0.0001087237972789669,0.1764009153606082,0.042590404923589745,0.1911091069642644,0.037682376651573334,1.3736795175061185e-05
415,self,p2p,0.0,7.298767637354804e-06,0.00345663907678952,0.00013121628290192373,0.0,0.0,7.298767637354804e-06
415,self,p2l,0.0,5.9890567485311915e-06,0.00876270922821163,0.0013088146217058794,0.0,0.0,5.9890567485311915e-06
415,self_noise,p2p,9.006187328455006e-05,0.0001896912997684741,0.22990261579469493,0.06688378685416228,0.2518438823689749,0.07245600156121874,4.451042883781733e-06
415,self_noise,p2l,5.3880319681960285e-05,0.00016802255117691673,0.26177823512535514,0.06771230951449211,0.2159042828868499,0.039933591742515165,3.3435756079767514e-05
420,self,p2p,0.0,9.997354264618481e-06,0.0051126895443597935,0.00036965879103650304,0.0,0.0,9.997354264618481e-06
420,self,p2l,0.0,1.0372524372754663e-05,0.017239991478012414,0.00108418728685353,0.0,0.0,1.0372524372754663e-05
420,self_noise,p2p,9.136448277517378e-05,0.0002424879813843229,0.2990717450503574,0.022339774905197205,0.30744621915712,0.022507260842309623,2.292655301368428e-06
420,self_noise,p2l,5.536523123942545e-05,0.00013356162068695884,0.19067809710459993,0.028295203540555404,0.1168925921242613,0.0037020471728975955,7.16756607578613e-05
425,self,p2p,0.0,1.7733247336725446e-05,0.010095896884827038,0.00025482964365894606,0.0,0.0,1.7733247336725446e-05
425,self,p2l,0.0,7.194680683615526e-06,0.011218179658845397,0.0008986666448850734,0.0,0.0,7.194680683615526e-06
425,self_noise,p2p,9.145179249212825e-05,0.00023638049320599578,0.3480536467581765,0.03093786631516033,0.39354325609195207,0.020261732507106722,3.239800271432099e-05
425,self_noise,p2l,5.592995389446229e-05,0.00017554433043165887,0.344980630616455,0.0452111102070682,0.31576353228474563,0.030116737361493416,1.2073887796726347e-05
430,self,p2p,0.0,2.3937894749807002e-05,0.01189666767655173,0.000434318109947779,0.0,0.0,2.3937894749807002e-05
430,self,p2l,0.0,4.197665147663627e-06,0.007210003899542147,0.000867873455887322,0.0,0.0,4.197665147663627e-06
430,self_noise,p2p,9.00541391689621e-05,0.00011987196525503991,0.1462990408650866,0.023123530011335144,0.10339839696296976,0.006118788699472846,5.793665364626602e-05
430,self_noise,p2l,5.404725819924121e-05,0.00018422307796803786,0.21097882983254687,0.043933330383046205,0.24503908827136456,0.05602162907165808,5.45342265501684e-05
435,self,p2p,0.0,1.6488529665682244e-05,0.006309097078014402,0.0005477678981744172,0.0,0.0,1.6488529665682244e-05
435,self,p2l,0.0,5.50798895033391e-06,0.00835816490809861,0.0006247703794598702,0.0,0.0,5.50798895033391e-06
435,self_noise,p2p,9.149594967145182e-05,0.0001228126532899146,0.14654064219190205,0.05027607585143253,0.15478401467306907,0.04795077660564484,2.329259051096606e-06
435,self_noise,p2l,5.544237386826812e-05,0.0001724116896064514,0.33408204211436426,0.036599298095856735,0.03808877329294976,0.001158252596601586,0.00015313509720671123
440,self,p2p,0.0,1.5251174119620403e-05,0.008170611028047696,0.0003773245608378093,0.0,0.0,1.5251174119620403e-05
440,self,p2l,0.0,4.286450923016479e-06,0.005084408575979237,0.0012861651166054592,0.0,0.0,4.286450923016479e-06
440,self_noise,p2p,9.073942114419943e-05,0.000139083550416252,0.22928210466951024,0.019429579387171325,0.2383662994350593,0.009962455403444783,1.3223505277249235e-05
440,self_noise,p2l,5.415239291021971e-05,0.00010042671517561838,0.1371531929358304,0.04652797296740409,0.05023091329070638,0.003274623142519754,7.35665186249932e-05
445,self,p2p,0.0,1.2554623158611957e-05,0.006176501018855432,0.0002998671165574862,0.0,0.0,1.2554623158611957e-05
445,self,p2l,0.0,8.354806743818416e-06,0.012601047135061657,0.0012512450551911186,0.0,0.0,8.354806743818416e-06
445,self_noise,p2p,9.082031342929277e-05,0.00015440019532830395,0.2922595268471957,0.04274781924970255,0.3197662398841696,0.028990395057516997,3.7370560927563285e-05
445,self_noise,p2l,5.4157630899376026e-05,0.00012324928525330017,0.2672582418186786,0.022375984637354015,0.23074910075708818,0.013824911866033044,3.1042660452159e-05
450,self,p2p,0.0,1.229420776491822e-05,0.007102892309115808,0.0003671442067798466,0.0,0.0,1.229420776491822e-05
450,self,p2l,0.0,4.320926167462583e-06,0.007277951822082096,0.0006004066441330526,0.0,0.0,4.320926167462583e-06
450,self_noise,p2p,9.082119427734133e-05,0.00016871515410686738,0.24382784249802114,0.037626363435903004,0.2498498748015394,0.037655504555602695,6.630599139330441e-06
450,self_noise,p2l,5.4499548804421485e-05,0.00021018570056142446,0.3503080958652707,0.021697781492634023,0.31189313916763167,0.022964658671979304,6.011703653007045e-06
455,self,p2p,0.0,9.725270115754938e-06,0.005384718044377007,0.00037943557184629944,0.0,0.0,9.725270115754938e-06
455,self,p2l,0.0,7.500888666542007e-06,0.013757293381877249,0.0010752475879109665,0.0,0.0,7.500888666542007e-06
455,self_noise,p2p,9.205314721778384e-05,7.760796605506914e-05,0.1381831999626658,0.023802777378215113,0.14860210256758494,0.023790665717484585,6.416302717974924e-06
455,self_noise,p2l,5.545989104925405e-05,9.659029862532645e-05,0.181857324450327,0.025464440326973294,0.0,0.0,9.659029862532645e-05
460,self,p2p,0.0,1.176898371994049e-05,0.00552153538360983,0.0004627317936640951,0.0,0.0,1.176898371994049e-05
460,self,p2l,0.0,8.119873915313526e-06,0.014287011106046124,0.0005409212884631845,0.0,0.0,8.119873915313526e-06
460,self_noise,p2p,9.100679087465732e-05,0.0003324273844809478,0.2736384095247841,0.05458512512062174,0.28469069876658987,0.054781692481189304,5.405229414993156e-06
460,self_noise,p2l,5.5296218641266944e-05,0.00028561623999639736,0.33717343005543843,0.04708564826343273,0.43280883591663444,0.02962394040014401,6.333456357862302e-05
465,self,p2p,0.0,8.053246098662459e-06,0.003908073170366621,0.00040488404619425333,0.0,0.0,8.053246098662459e-06
465,self,p2l,0.0,4.905410560578049e-06,0.007041376371064952,0.0012120498068465635,0.0,0.0,4.905410560578049e-06
465,self_noise,p2p,9.022976202054803e-05,0.00019048776519975933,0.2944954714987154,0.011064820724036197,0.2993307339985141,0.012275396548802584,3.916540511645064e-06
465,self_noise,p2l,5.441386515648052e-05,0.0001976399432753817,0.3501867522165553,0.031483278539660264,0.33779270673348555,0.01218065863081776,5.4522291791219615e-05
470,self,p2p,0.0,1.140630671858209e-05,0.00639727391248082,0.0002613487020721748,0.0,0.0,1.140630671858209e-05
470,self,p2l,0.0,8.988818111450927e-06,0.015897384470982667,0.0010237967070729672,0.0,0.0,8.988818111450927e-06
470,self_noise,p2p,9.142514857251735e-05,0.00023279828574844966,0.34186799554601927,0.09552517699028568,0.351140109693559,0.09794527530534537,2.2863819720116663e-06
470,self_noise,p2l,5.600825041727971e-05,0.00018907157877816688,0.3558650923459217,0.04556816672050705,0.0,0.0,0.00018907157877816688
475,self,p2p,0.0,1.557698947716089e-05,0.007676859875537853,0.0005489651856217355,0.0,0.0,1.557698947716089e-05
475,self,p2l,0.0,4.078733463078547e-06,0.0068535718993581055,0.0005470656957928666,0.0,0.0,4.078733463078547e-06
475,self_noise,p2p,8.933913662846448e-05,0.00010310094817915842,0.14433781496529446,0.011724768239552387,0.13142515592587928,0.006784381717422486,2.0439435794483195e-05
475,self_noise,p2l,5.3614584179556995e-05,0.00014942110196411476,0.2412695953560621,0.009594384403644761,0.24622739043671069,0.006639708502846288,6.656866472158337e-06
480,self,p2p,0.0,8.949122474883624e-06,0.0042914315329947725,0.00039387639543862844,0.0,0.0,8.949122474883624e-06
480,self,p2l,0.0,6.764629922734562e-06,0.010136217276044844,0.0006049377975097612,0.0,0.0,6.764629922734562e-06
480,self_noise,p2p,9.042967070987825e-05,0.00015492892091466975,0.2161427148275958,0.018318065474945206,0.22913129905698496,0.014283880534508147,1.8821322658510216e-05
480,self_noise,p2l,5.4353378310573636e-05,6.241035607734023e-05,0.11973481137999654,0.02211608549086512,0.1263143996329929,0.007302012244046121,2.8995221782440885e-05
485,self,p2p,0.0,1.927345401232433e-05,0.010871192288310707,0.0003246600934966438,0.0,0.0,1.927345401232433e-05
485,self,p2l,0.0,4.390753703552031e-06,0.008077460133571347,0.0006763966213910695,0.0,0.0,4.390753703552031e-06
485,self_noise,p2p,9.040854506240811e-05,0.00010744358151244121,0.18028658426693728,0.021831590648367413,0.13425201354611754,0.012761620272105255,3.383582482573319e-05
485,self_noise,p2l,5.3416971672161336e-05,0.000122154142201461,0.2407865684745237,0.03114880387474363,0.24170511685422044,0.03091277932226676,7.358933139783374e-06
490,self,p2p,0.0,1.2607971687224679e-05,0.0070229362233453175,0.00012137448027791881,0.0,0.0,1.2607971687224679e-05
490,self,p2l,0.0,7.033656300972164e-06,0.012509274715570005,0.0005879292168220398,0.0,0.0,7.033656300972164e-06
490,self_noise,p2p,9.007904033579551e-05,0.0002043258439157858,0.32137478470589376,0.05795234114414098,0.3035562707819818,0.05528699107617841,2.4264737161493975e-06
490,self_noise,p2l,5.4465505976666416e-05,0.00019210784924171442,0.3566653493876464,0.019542486658793785,0.19603889676850716,0.0037162996326983106,8.181100512381423e-05
495,self,p2p,0.0,1.3705341608713835e-05,0.007840289124456432,0.0002474984762933207,0.0,0.0,1.3705341608713835e-05
495,self,p2l,0.0,6.077484665895172e-06,0.011236006440926621,0.0007869233588446712,0.0,0.0,6.077484665895172e-06
495,self_noise,p2p,9.042943761732188e-05,0.00020657749617063976,0.3167840399386185,0.014789344106491591,0.31036932362621494,0.012133279804301872,2.1981360012100864e-06
495,self_noise,p2l,5.371067536867276e-05,0.00020161305786780515,0.4319859689909855,0.024627071277960298,0.4301482384714017,0.021457208511814985,1.772452230729637e-05
500,self,p2p,0.0,2.268191583358917e-05,0.009045250433304765,0.0009501218473038482,0.0,0.0,2.268191583358917e-05
500,self,p2l,0.0,5.849150854577811e-06,0.010172618984919236,0.0010805296520400884,0.0,0.0,5.849150854577811e-06
500,self_noise,p2p,9.054148946730276e-05,0.0001579147177778521,0.23785726620159858,0.01949015393976153,0.2434747711589125,0.01752039148718663,7.458890861326439e-06
500,self_noise,p2l,5.4766347158105516e-05,0.00016812384515732932,0.20462043834337953,0.036065963368642345,0.26299410588327443,0.03547659708474418,2.7570521598693696e-05
