trajectory,order,block,rot_change_PatchHuber_minus_Huber_deg
VI,0,0,0.6902269346530554
VI,1,0,0.5753571757260154
VI,2,0,0.43802837687294627
VI,3,0,0.7938622702568789
VI,4,0,1.157998344125418
VI,5,0,1.2992193871026485
VI,6,0,1.2590308790349436
VI,7,0,1.4622922017937006
VI,8,0,1.1372037746540284
VI,9,0,0.6367829197699049
VI,10,0,0.4432147998862588
VI,11,0,0.18407413204369671
VI,12,0,0.5033431246989846
VI,13,0,0.0627803078340472
VI,14,0,0.19163960227988852
VI,15,0,0.8377532299279578
VI,16,0,1.112716984032751
VI,17,0,1.5837321904465873
VI,18,0,0.7308169679056409
VI,19,0,0.7824456078360056
VI,20,0,0.1469700242885219
VI,21,0,-1.233080507607899
VI,22,0,-0.0828945834079633
VI,23,0,-0.20754564155650623
VI,24,0,-0.04020646426395302
VI,25,0,-0.44022372341421345
VI,26,0,-0.4927885701854442
VI,27,0,-0.18645106260101496
VI,28,0,-0.21174512327175332
VI,29,0,-0.4254281497788126
VI,30,0,0.28907464081718226
VI,31,0,-0.004194109938116419
VI,32,0,0.3535670104028297
VI,33,0,-0.057148012972978
VI,34,0,0.13242174720071587
VI,35,0,0.3285248165098613
VI,36,0,0.6660143096570534
VI,37,0,0.9574080544128658
VI,38,0,0.8213689676437861
VI,39,0,0.5491183737385397
VI,40,0,0.49237337698464145
VI,41,0,0.8812612600350826
VI,42,0,0.8750279558180623
VI,43,0,1.1622362543083349
VI,44,0,1.4632767551335117
VI,45,0,1.1085289044108597
VI,46,0,1.2916321471792034
VI,47,0,1.0569921581413322
VI,48,0,0.9072591971089077
VI,49,0,1.204764230200221
VI,50,0,0.8355666205899892
VI,51,0,0.7478854236197474
VI,52,0,0.7913621365654087
VI,53,0,1.2662587832429804
VI,54,0,2.040270694383377
VI,55,0,2.174093761508878
VI,56,0,0.6054931305905553
VI,57,0,0.8536320416114838
VI,58,0,0.324346681211364
VI,59,0,-0.7929652736975865
VI,60,0,-0.7641789732074318
VI,61,0,-0.800793418059957
VI,62,0,-0.3000859951194812
VI,63,0,-0.4440565223314459
VI,64,0,-0.4198690322388532
VI,65,0,-0.3991318967226922
VI,66,0,0.1148482118813039
VI,67,0,0.057873130175589704
VI,68,0,0.032684459304719304
VI,69,0,0.15089129897071807
VI,70,1,-0.06687309480519676
VI,71,1,0.1295452864563278
VI,72,1,0.23772980550893408
VI,73,1,0.45574576041586745
VI,74,1,0.6332510576919876
VI,75,1,0.8729713950690599
VI,76,1,0.5856740016831803
VI,77,1,0.667884309268115
VI,78,1,0.6252231166063797
VI,79,1,1.1795774054458774
VI,80,1,1.2415041290091935
VI,81,1,1.0926894454274612
VI,82,1,1.6651541317801204
VI,83,1,1.6884274620911857
VI,84,1,1.1737784233308766
VI,85,1,1.0848639673119354
VI,86,1,0.8780407163146302
VI,87,1,0.7281277390178715
VI,88,1,1.4687123577877577
VI,89,1,1.1515172914069378
VI,90,1,1.1087854823259438
VI,91,1,1.0306920616060413
VI,92,1,1.6168089895065174
VI,93,1,1.5933676133782075
VI,94,1,0.8511160985212625
VI,95,1,0.634443799769528
VI,96,1,0.4381911833285086
VI,97,1,-1.0202059084156465
VI,98,1,-0.9586185574675614
VI,99,1,-0.5238473865775592
VI,100,1,-0.570737688067608
VI,101,1,-0.475129552642958
VI,102,1,-0.44297784120662964
VI,103,1,-0.19293217652708972
VI,104,1,0.0503975346581127
VI,105,1,0.14431004452173202
VI,106,1,-0.01966729348363483
VI,107,1,0.12701993899166597
VI,108,1,0.2933090359186239
VI,109,1,0.039688313793893926
VI,110,1,0.41728557785810816
VI,111,1,0.6106101492163192
VI,112,1,0.46489054778272454
VI,113,1,0.6598487770592096
VI,114,1,0.9529284430566145
VI,115,1,0.7969885374216501
VI,116,1,0.7509639799411918
VI,117,1,1.386214783750833
VI,118,1,1.081824974773828
VI,119,1,1.5593589947598963
VI,120,1,1.3661638738246502
VI,121,1,1.503504389936528
VI,122,1,1.2266441258023768
VI,123,1,1.099238227169887
VI,124,1,0.9116757131504318
VI,125,1,0.8687529345833047
VI,126,1,1.2255710360141956
VI,127,1,0.8075905105694332
VI,128,1,0.7160523912084527
VI,129,1,0.4968239935065375
VI,130,1,1.3353556209149708
VI,131,1,1.8210305413054346
VI,132,1,1.2740767275933882
VI,133,1,1.0047306304847932
VI,134,1,0.8827677446482047
VI,135,1,-0.42519481114068824
VI,136,1,-1.1400412904666934
VI,137,1,-0.4072357834641487
VI,138,1,-0.5483925060240162
VI,139,1,-0.2629224592498005
VI,140,2,-0.5184356445667868
VI,141,2,-0.5629073864267156
VI,142,2,0.14864706379270087
VI,143,2,0.06526747982087322
VI,144,2,0.1454176586473448
VI,145,2,0.22251503513609716
VI,146,2,0.021689285968725436
VI,147,2,0.20074284942759935
VI,148,2,0.20050035309788417
VI,149,2,-0.1658848583256347
VI,150,2,-0.006755424867409765
VI,151,2,0.2686908100431227
VI,152,2,0.8094035930172931
VI,153,2,0.6037344387851649
VI,154,2,0.8944284127854294
VI,155,2,0.40783364072784156
VI,156,2,0.7892823033973491
VI,157,2,0.9371948059879296
VI,158,2,1.2190780034862505
VI,159,2,0.9282497300703554
VI,160,2,1.5413985013553857
VI,161,2,1.280586406493617
VI,162,2,1.006522019689175
VI,163,2,0.8701417558399198
VI,164,2,0.668927300713583
VI,165,2,0.8431181993990711
VI,166,2,1.1192946748244745
VI,167,2,0.42243343808232225
VI,168,2,0.38791501548541873
VI,169,2,0.19555750169999442
VI,170,2,1.0393597213829544
VI,171,2,1.699351990468812
VI,172,2,1.4985822152631645
VI,173,2,0.5886375642291144
VI,174,2,0.9109054716320713
VI,175,2,0.07319200619351207
VI,176,2,-1.5255200907838322
VI,177,2,-1.0065310415689064
VI,178,2,-0.32782236269879883
VI,179,2,-0.042724080294950006
VI,180,2,-0.14251645344738817
VI,181,2,-0.32543988176239624
VI,182,2,-0.39427462934749125
VI,183,2,-0.38114747135700133
VI,184,2,-0.4105612663387057
VI,185,2,-0.06882240874760015
VI,186,2,0.03784980771190982
VI,187,2,-0.06668883100821255
VI,188,2,-0.1095940900050234
VI,189,2,0.047039915675428645
VI,190,2,-0.08150646525901628
VI,191,2,-0.2878884718743455
VI,192,2,-0.11715739235499179
VI,193,2,0.3204069132142351
VI,194,2,0.7952182298469945
VI,195,2,0.9148149596324284
VI,196,2,0.7858476781841262
VI,197,2,0.4296261803253625
VI,198,2,0.3810363365868028
VI,199,2,0.6320655300384832
VI,200,2,1.097018069463787
VI,201,2,1.0517133575604651
VI,202,2,1.5126084697884554
VI,203,2,1.5659986595822524
VI,204,2,1.5380294557793417
VI,205,2,1.0492606338060657
VI,206,2,0.9265044063085841
VI,207,2,0.6496935189561137
VI,208,2,0.39069633180369223
VI,209,2,0.5052525413342046
VI,210,2,0.5613358729897096
VI,211,2,-0.2409532395555516
VI,212,2,0.002571202172238607
VI,213,2,0.26808412589065966
VI,214,2,0.9365416558147865
VI,215,2,1.0272153554139232
VI,216,2,0.8634325814381976
VI,217,2,1.0108914405511351
VI,218,2,1.0889693190325085
VI,219,3,0.5336968568952183
VI,220,3,-0.09045303457396026
VI,221,3,-1.4612580054808482
VI,222,3,-1.5523419285960585
VI,223,3,-0.8622342210600662
VI,224,3,0.39932135926390977
VI,225,3,-0.36061989623281443
VI,226,3,-0.31012649105861767
VI,227,3,-0.4860618203044118
VI,228,3,-0.5860005910659454
VI,229,3,-0.5795730448866379
VI,230,3,-0.28080651970982107
VI,231,3,-0.4198701064041863
VI,232,3,-0.1399893834477246
VI,233,3,-0.014702340433038863
VI,234,3,-0.14451642515346919
VI,235,3,-0.10225275673737855
VI,236,3,-0.2896741826254168
VI,237,3,-0.5666814292971489
VI,238,3,-0.6700496325108514
VI,239,3,0.0075925087385684265
VI,240,3,0.16137963223733287
VI,241,3,0.5873390659995952
VI,242,3,0.9269905298143684
VI,243,3,0.7828751330633859
VI,244,3,0.7785621874735167
VI,245,3,0.09218003528978125
VI,246,3,0.17247793309044113
VI,247,3,0.7587036965870628
VI,248,3,0.945963427199783
VI,249,3,0.9304332847396468
VI,250,3,1.4062532009492053
VI,251,3,1.6154220748108443
VI,252,3,1.615943033138847
VI,253,3,1.0431000748867216
VI,254,3,0.8835622541026042
VI,255,3,0.7959008589702314
VI,256,3,0.7485733741916012
VI,257,3,0.2616309215242012
VI,258,3,0.5413857467119421
VI,259,3,0.3486541888752468
VI,260,3,0.03861404904178212
VI,261,3,-0.01454392173005381
VI,262,3,0.052633395819948525
VI,263,3,0.6038546536786455
VI,264,3,0.4118253937985026
VI,265,3,1.3968910687368128
VI,266,3,1.087415267762446
VI,267,3,1.1829308279771507
VI,268,3,0.4041243316844061
VI,269,3,-0.08016984852037012
VI,270,3,-0.3883437583846949
VI,271,3,-1.482388252815452
VI,272,3,-1.7128503531458346
VI,273,3,-1.3677292777401653
VI,274,3,-0.6383575411349276
VI,275,3,-0.4315059939634258
VI,276,3,-0.27046413791705204
VI,277,3,-0.3336099061452691
VI,278,3,-0.5295996591972405
VI,279,3,-0.7117943747651045
VI,280,3,-0.7412134269022639
VI,281,3,-0.31060968577425285
VI,282,3,-0.43319500014726
VI,283,3,-0.3355254321484469
VI,284,3,-0.3120188049811401
VI,285,3,-0.416319348953309
VI,286,3,-0.22983080776056153
VI,287,3,-0.37332850014248686
VI,288,3,-1.4110351457752164
VI,289,3,-0.4296805166302282
VI,290,3,-0.57342807449727
VI,291,3,-0.15306078986854388
VI,292,3,-0.11703804982054988
VI,293,3,0.12804463701096225
VI,294,3,0.9302679132374925
VI,295,3,0.679456393441928
VI,296,3,0.5102234360528239
VI,297,3,0.5063034069922354
VI,298,3,0.15506176452813758
VI,299,3,0.13098884546239553
VI,300,3,0.8064415352043044
VI,301,3,0.8571446095247355
VI,302,3,0.9012824049955577
VI,303,3,1.1368546595233768
VI,304,3,1.508612055966903
VI,305,3,1.6781355377289344
VI,306,3,1.649662548838609
VI,307,3,1.4714891842221274
VI,308,3,1.3220786347971383
VI,309,3,0.9639032104003782
VI,310,3,0.7758094368427253
VI,311,3,0.6835631830708149
VI,312,3,0.29522063886482286
VI,313,3,0.21441203671187825
VI,314,3,0.421019787289143
VI,315,4,-0.40666650633926427
VI,316,4,0.13489455565344244
VI,317,4,-0.3265246106523447
VI,318,4,0.7173318102845547
VI,319,4,0.20161108107366177
VI,320,4,0.6703207105845701
VI,321,4,0.37466744750864045
VI,322,4,0.4096511955130757
VI,323,4,0.6891040709426539
VI,324,4,0.4700403259087276
VI,325,4,0.006364677267219232
VI,326,4,-0.5783480938133354
VI,327,4,-0.920368870601143
VI,328,4,-1.9680630086744109
VI,329,4,-1.8043565298533997
VI,330,4,-1.2376988789753254
VI,331,4,-1.1969333435413536
VI,332,4,-1.2191251753920667
VI,333,4,-0.2589136572929238
VI,334,4,-0.10540891292460808
VI,335,4,-0.13880372740343994
VI,336,4,-0.8004814148224892
VI,337,4,-0.9089960967020128
VI,338,4,-0.9127595959422927
VI,339,4,-0.5460940266601377
VI,340,4,-0.7959657303637666
VI,341,4,-0.7535988945316987
VI,342,4,-0.7325674761229322
VI,343,4,-0.6165029180977206
VI,344,4,-0.5173385797949179
VI,345,4,-0.586814559753603
VI,346,4,-0.2396286718786289
VI,347,4,-0.7229445024572523
VI,348,4,-0.845547409186302
VI,349,4,-0.827071604229697
VI,350,4,-0.817018393879799
VI,351,4,-0.313552787550337
VI,352,4,0.0033368500425412506
VI,353,4,0.2288766588896216
VI,354,4,0.989071273576196
VI,355,4,0.8929367086043534
VI,356,4,0.7628550120020923
VI,357,4,0.483624373181895
VI,358,4,0.3461870591212848
VI,359,4,-0.3603450819544918
VI,360,4,0.3577836812560524
VI,361,4,0.8790227296198991
VI,362,4,0.9229404484202002
VI,363,4,1.1153334208346304
VI,364,4,1.133629120879056
VI,365,4,1.5097339573183421
VI,366,4,1.8852721836309887
VI,367,4,1.4237046514700267
VI,368,4,1.5523149026337806
VI,369,4,1.1724238583892994
VI,370,4,1.3603821016919362
VI,371,4,1.0345416177514695
VI,372,4,0.9531657266054188
VI,373,4,1.2157497197072162
VI,374,4,1.2055803280927195
VI,375,4,1.0168695916452508
VI,376,4,0.5799049397885794
VI,377,4,0.9054456472380759
VI,378,4,0.9056051792387843
VI,379,4,1.0582284609964439
VI,380,4,0.5399659592402677
VI,381,4,0.7808161418445363
VI,382,4,0.4928954859175292
VI,383,4,0.6524434076962957
VI,384,4,0.8307514715031918
VI,385,4,0.9419317505888563
VI,386,4,0.735284439572204
VI,387,4,0.3998879051340629
VI,388,4,0.015597134040546745
VI,389,4,-0.6223122415172071
VI,390,4,-0.571633007207951
VI,391,4,-0.20407453458844405
VI,392,4,0.13047817897492386
VI,393,4,0.11905694843546533
VI,394,4,-0.41507437584481144
VI,395,4,-0.5634109132829859
VI,396,4,-0.48757858380997243
VI,397,4,-0.34900416900486064
VI,398,4,-0.40324619005087925
VI,399,4,-0.2768731280217325
VI,400,4,-0.09675697555331686
VI,401,4,-0.35053321544777605
VI,402,4,-0.023761101465847645
VI,403,4,0.012644870095294358
VI,404,4,0.17732204734893564
VI,405,4,0.12767809237813577
VI,406,4,0.19772322382714114
VI,407,4,0.28399983062515055
VI,408,4,0.6646134654747828
VI,409,4,0.8539334751157295
VI,410,4,0.6200180781106286
VI,411,4,0.656631043703634
VI,412,4,0.4766169051865252
VI,413,4,0.002317156972281964
VI,414,4,0.7181482774132499
VI,415,4,0.9421998734546677
VI,416,4,1.1693015097643604
VI,417,4,1.159155785236936
VI,418,5,1.5119420926666716
VI,419,5,1.3426302478181635
VI,420,5,1.7352836076884208
VI,421,5,1.450753083692665
VI,422,5,1.2290614994509719
VI,423,5,0.8663334077328808
VI,424,5,0.874767503757246
VI,425,5,1.162250477545017
VI,426,5,0.8561499861056916
VI,427,5,0.73434504908181
VI,428,5,0.4235244963078264
VI,429,5,1.3751188757585
VI,430,5,1.5396731302174067
VI,431,5,1.5713033893289667
VI,432,5,0.6301072357285609
VI,433,5,0.9121749379497386
VI,434,5,0.8326674005198544
VI,435,5,0.8720896566302909
VI,436,5,0.4448255125527081
VI,437,5,-0.10728685972258933
VI,438,5,-0.6937473183370444
VI,439,5,-0.5002365893954113
VI,440,5,-0.6003434302526776
VI,441,5,0.2954993252207827
VI,442,5,-0.03362154849679122
VI,443,5,-0.44399547582715293
VI,444,5,-0.5229483370512238
VI,445,5,-0.3369013832323655
VI,446,5,-0.5577763380261067
VI,447,5,-0.2503246978150395
VI,448,5,-0.15536567321198813
VI,449,5,-0.08904571299164932
VI,450,5,-0.0370154692319038
VI,451,5,0.06572563388526476
VI,452,5,-0.08709745346526931
VI,453,5,-0.08290350959906467
VI,454,5,0.04468896590556248
VI,455,5,-0.013668936930202769
VI,456,5,0.35049983957515085
VI,457,5,0.7330210243565465
VI,458,5,0.7916154886119404
VI,459,5,0.596890307139593
VI,460,5,0.37900876251522364
VI,461,5,0.38607838817801543
VI,462,5,0.43324465645552745
VI,463,5,0.7376717254173437
VI,464,5,1.194775802516605
VI,465,5,0.9160974142148337
VI,466,5,1.582056604485568
VI,467,5,1.4935885319947473
VI,468,5,1.2623661085591769
VI,469,5,1.3914059824530258
VI,470,5,1.0481104383220812
VI,471,5,0.9867805287076639
VI,472,5,0.9299321887782233
VI,473,5,1.318581869828594
VI,474,5,1.0279665718988156
VI,475,5,0.9549279519655958
VI,476,5,1.4536215908994907
VI,477,5,1.3031179113699105
VI,478,5,1.624532926210109
VI,479,5,1.640361735988313
VI,480,5,1.1257592246411363
VI,481,5,1.0871126307326024
VI,482,5,0.6607652752125732
VI,483,5,0.6428581576548469
VI,484,5,0.37335033605275925
VI,485,5,0.057463215566119885
VI,486,5,-0.5840952934990264
VI,487,5,-0.5791482307309561
VI,488,5,-0.06266423815139799
VI,489,5,0.1906967955926988
VI,490,5,-0.5436731487776161
VI,491,5,-0.3558311860647039
VI,492,5,-0.2602770758836037
VI,493,5,-0.170387418174184
VI,494,5,-0.1067949986181369
VI,495,5,-0.021255803389999883
VI,496,5,-0.023299322371667763
VI,497,5,0.15080676395596226
VI,498,5,0.04922156362474572
VI,499,5,-0.09466262404661485
VI,500,5,0.20823904821729444
IV,216,0,-0.32296091238102953
IV,217,0,-0.09648181563417202
IV,218,0,-0.23932453725821023
IV,219,0,0.06052539013824054
IV,220,0,0.1238106544328641
IV,221,0,0.1488259497000599
IV,222,0,-0.09518620755128104
IV,223,0,-0.4022792245392828
IV,224,0,-0.3982260869524379
IV,225,0,-0.10976485518463353
IV,226,0,-0.17232859406988954
IV,227,0,0.051218233173989436
IV,228,0,-0.23895044366656037
IV,229,0,-0.2842619497630192
IV,230,0,-0.26747251711339226
IV,231,0,-0.05723756558125359
IV,232,0,0.17557682507883632
IV,233,0,0.2334055752346207
IV,234,0,0.6746952196434095
IV,235,0,0.6882010471940148
IV,236,0,0.5842354796012592
IV,237,0,0.6338628578418266
IV,238,0,0.8748301812749899
IV,239,0,0.5772800753534812
IV,240,0,0.42115584295225794
IV,241,0,0.839065752651309
IV,242,0,0.9515103109769756
IV,243,0,0.9734427341083265
IV,244,0,1.2198432754606863
IV,245,0,1.511775052360298
IV,246,0,1.4072301648429746
IV,247,0,1.4736372761982048
IV,248,0,1.2504143189782173
IV,249,0,1.4546069251277634
IV,250,0,1.1448662583398392
IV,251,0,0.9060115091877483
IV,252,0,0.5990991630445279
IV,253,0,0.706373691501649
IV,254,0,0.9067641126286445
IV,255,0,0.7466745926009106
IV,256,0,0.46526573891344514
IV,257,0,0.7648903622715912
IV,258,0,0.9048460389077984
IV,259,0,0.9557428796630356
IV,260,0,1.2240166273765345
IV,261,0,1.391674658669504
IV,262,0,1.5561797389212946
IV,263,0,0.9748595587346216
IV,264,0,1.147671955287715
IV,265,0,0.5384821360450274
IV,266,1,0.5918430803645163
IV,267,1,0.7104879877590422
IV,268,1,-0.25310794564813754
IV,269,1,-0.48571625160050624
IV,270,1,0.0531788036747578
IV,271,1,0.07479800967455441
IV,272,1,0.033100833161802345
IV,273,1,-0.015480653766833719
IV,274,1,-0.15586393202934445
IV,275,1,-0.07837703012093478
IV,276,1,0.017038301866817207
IV,277,1,-0.19429392844697713
IV,278,1,0.04719928554927533
IV,279,1,0.04339063883914562
IV,280,1,0.1824791493222091
IV,281,1,-0.25731078297235044
IV,282,1,-0.05601867621383949
IV,283,1,-0.12677585236716693
IV,284,1,0.3402988596562171
IV,285,1,-0.06583021072401118
IV,286,1,-0.1690320490168391
IV,287,1,-0.2059891449271567
IV,288,1,-0.18788748908707786
IV,289,1,-0.283770603118604
IV,290,1,-0.4962436685566214
IV,291,1,-0.49549366481029056
IV,292,1,-0.31733796401135894
IV,293,1,-0.10876551618358565
IV,294,1,-0.027031517482893896
IV,295,1,0.0699495726093784
IV,296,1,-0.3177705846802321
IV,297,1,0.010264221302869192
IV,298,1,-0.029572488840967637
IV,299,1,-0.05727703358629821
IV,300,1,0.37742129215237075
IV,301,1,0.10854898206905217
IV,302,1,0.42026598167765616
IV,303,1,0.652803982466855
IV,304,1,1.058818421154002
IV,305,1,0.97303817938228
IV,306,1,1.032885127581245
IV,307,1,1.163470962471254
IV,308,1,0.7603074112800496
IV,309,1,1.0839060084720398
IV,310,1,0.6529613584502321
IV,311,1,0.6661594720644923
IV,312,1,0.8577778308218131
IV,313,1,0.8415782372821003
IV,314,1,0.6478235988162275
IV,315,1,0.46128968839600315
IV,316,2,0.5762811671865049
IV,317,2,0.3234246683957229
IV,318,2,0.46177643449190153
IV,319,2,0.4915729930150188
IV,320,2,-0.04802824209444356
IV,321,2,-0.1326166944995535
IV,322,2,0.19908048359630826
IV,323,2,-0.18523712042609342
IV,324,2,-0.35420558520583345
IV,325,2,-0.5420673000234082
IV,326,2,-0.3029190256601453
IV,327,2,-0.24427053519973185
IV,328,2,-0.5490369028887763
IV,329,2,-0.355244341995268
IV,330,2,-0.11106240627695474
IV,331,2,-0.26223753509357417
IV,332,2,-0.44864226119180506
IV,333,2,-0.26321295995380556
IV,334,2,-0.13803825681092308
IV,335,2,-0.540941921931311
IV,336,2,-0.24055036658753082
IV,337,2,-0.5471360471231903
IV,338,2,-0.6501207137110772
IV,339,2,-0.5537385041699339
IV,340,2,-0.8209306274646999
IV,341,2,-0.6728920392114381
IV,342,2,-0.7959096686208307
IV,343,2,-0.3500884298324962
IV,344,2,-0.4253517732401755
IV,345,2,-0.24940151199465888
IV,346,2,-0.27877663977115574
IV,347,2,-0.4049121758742942
IV,348,2,-0.21121289784777675
IV,349,2,-0.6275158886609233
IV,350,2,-0.8203080985670099
IV,351,2,-0.536267091450036
IV,352,2,-0.6018377559591461
IV,353,2,-0.6349839221240621
IV,354,2,-0.3164665348570872
IV,355,2,-0.45700188652139406
IV,356,2,-0.12225992897840898
IV,357,2,-0.39862652655607267
IV,358,2,-0.07945964591141763
IV,359,2,0.32725320085484544
IV,360,2,0.06587922985332995
IV,361,2,0.3856768118572256
IV,362,2,0.29107355995909723
IV,363,2,0.31374915034951867
IV,364,2,0.34096562882597903
IV,365,2,0.48787523889815265
IV,366,3,0.4710114897462807
IV,367,3,0.5918508326808141
IV,368,3,0.6019587393869799
IV,369,3,0.6611561002181738
IV,370,3,0.44044121634740696
IV,371,3,0.6197084667793917
II,143,0,1.2826651649668679
II,144,0,1.2124716932491268
II,145,0,1.0386685618696854
II,146,0,0.9200971747155446
II,147,0,1.1702820864705588
II,148,0,0.7959699755685423
II,149,0,0.6998754081088543
II,150,0,0.6797354217504846
II,151,0,0.5578185844002308
II,152,0,0.5229451693468052
II,153,0,-0.22613787465065627
II,154,0,0.32795567945257087
II,155,0,-0.2979388781882608
II,156,0,-0.13956779927418528
II,157,0,-0.13606922738760208
II,158,0,-0.33566033081307367
II,159,0,-0.17440206076417475
II,160,0,-0.3696583584711217
II,161,0,0.02500983979917759
II,162,0,0.10106649158004477
II,163,0,0.24130518634821874
II,164,0,0.1466051460611728
II,165,0,-0.1412599039389375
II,166,0,-0.2795865484458062
II,167,0,-0.2925996123103781
II,168,0,-0.6794032119900025
II,169,0,-0.5311806993810567
II,170,0,-0.4533068674018875
II,171,0,-0.3484858043211472
II,172,0,-0.37735118428030434
II,173,0,-0.09820720242288439
II,174,0,-0.19623420855870966
II,175,0,0.11310127504612133
II,176,0,0.12181648253161925
II,177,0,0.18748559553021593
II,178,0,0.2927040494957225
II,179,0,0.3185424960160227
II,180,0,0.3801025393510159
II,181,0,0.08747213262816422
II,182,0,-0.03494226449425686
II,183,0,-0.059644374007158274
II,184,0,-0.09277338085201758
II,185,0,0.16068098355820282
II,186,0,-0.09824364162863164
II,187,0,0.03539997703757192
II,188,0,-0.12635475969812626
II,189,0,0.10535432148726787
II,190,0,-0.026165016266083807
II,191,0,-0.2607988143927099
II,192,0,-0.28248148051813826
II,193,1,-0.31262094547786956
II,194,1,-0.4982160513025453
II,195,1,-0.3527017427004038
II,196,1,-0.12534150613950168
II,197,1,-0.023707057901108386
II,238,1,0.23827468897932036
II,239,1,0.04610275596509994
II,240,1,0.3020088067160908
II,241,1,0.28002877639972323
II,242,1,0.12733062410735718
II,243,1,0.27981663540130564
II,244,1,0.11303674381087514
II,245,1,0.12428408258817736
II,246,1,0.0736008660460411
II,247,1,0.1489478233336362
II,248,1,0.037813713953482764
II,249,1,-0.09784138995820457
II,250,1,-0.03888841952051347
II,251,1,-0.0681656135405525
II,252,1,-0.07211231769983517
II,253,1,-0.08547591525641218
II,254,1,-0.16196654192091353
II,255,1,-0.2947818253336528
II,256,1,-0.04346582370591445
II,257,1,-0.11138240211508266
II,258,1,-0.2574072519539877
II,259,1,-0.050937505984835485
II,260,1,-0.04322971760839367
II,261,1,0.029796021382945126
II,262,1,-0.05807187751646836
II,263,1,-0.22781278998499033
II,264,1,-0.0702392605788118
II,265,1,0.19041277170860915
II,266,1,0.04671815551428171
II,267,1,-0.024262925560026405
II,268,1,-0.04923493974832349
II,269,1,0.04285880535159858
II,270,1,0.0051887187195713835
II,271,1,0.15990191963685163
II,272,1,0.2401068368190542
II,273,1,0.27625910923145147
II,274,1,0.4423870583714855
II,275,1,0.3489396145968071
II,276,1,0.19781486382731606
II,277,1,0.3773560955217523
II,278,1,0.26960687817454043
II,279,1,0.32765412249236525
II,280,1,0.3784018446458952
II,281,1,0.35416146031664475
II,282,1,0.4612913587411398
II,283,2,0.38419142956424945
II,284,2,0.44611425640456104
II,285,2,0.2676758175965833
II,286,2,0.2922795699455367
II,287,2,0.3656673943148697
II,288,2,0.23786372045466142
II,289,2,0.41860675572764394
II,290,2,0.5304917850847254
II,291,2,0.3237373664237324
II,292,2,0.3880488601728218
II,293,2,0.40640898103998624
II,294,2,0.217450505893648
II,295,2,0.2369971664579169
II,296,2,0.4509444456970957
II,297,2,0.4093022316394255
II,298,2,0.3048762785442557
II,299,2,0.3173105191130233
II,300,2,0.35102190619377127
II,301,2,0.36079263798181016
II,302,2,0.10277726832145939
II,303,2,0.36605736227978136
II,304,2,0.4169024605569236
II,305,2,0.39939291063947646
II,306,2,0.352063396268518
II,307,2,0.4372883337672846
II,308,2,0.35470619375976753
II,309,2,0.534804171602115
II,310,2,0.5844201442037891
II,311,2,0.4178556175960566
II,312,2,0.564738221344391
II,313,2,0.611809944366879
II,314,2,0.5226925809668317
II,315,2,0.6410501930348675
II,316,2,0.6133181579744638
II,317,2,0.6980023290685229
II,318,2,0.6692103162870551
II,319,2,0.4943006653208395
II,320,2,0.5657129995753951
II,321,2,0.6312841658915771
II,322,2,0.6222204977157224
II,323,2,0.7275022422211492
II,324,2,0.7241179599397235
II,325,2,0.8272610151472882
II,326,2,0.7649070206805836
II,327,2,0.6913239111224351
II,328,2,0.6255353090727382
II,329,2,0.6366811193266283
II,330,2,0.6262435950853702
II,331,2,0.5745136322943647
II,332,2,0.6156584307285549
II,333,3,0.523534195552734
II,334,3,0.8799222425633613
II,335,3,0.6513126974934047
II,336,3,0.8761673272340761
II,337,3,0.7597769870637111
II,338,3,1.0029527309507869
II,339,3,0.7104826449931114
II,340,3,1.0092458878090562
II,341,3,0.9969917908622898
II,342,3,0.955101459801716
II,343,3,1.035184418081277
II,344,3,1.0455000078720602
II,345,3,1.126404275338891
II,346,3,0.9395315293758633
II,347,3,0.17762430038714538
II,348,3,0.9771868434466509
II,349,3,1.3222818548454114
II,350,3,1.137029145686498
II,351,3,1.122067281299701
II,352,3,0.9540663802921976
II,353,3,1.0981292289096174
II,354,3,1.324712801081107
II,355,3,1.3918171673805135
II,356,3,1.491042738420461
II,357,3,1.3121193982582326
II,358,3,1.104656751956615
II,359,3,1.281557617812136
II,360,3,1.4553267301178283
II,361,3,1.3951917864801415
II,362,3,1.4397896423832384
II,363,3,1.3098234474191268
II,364,3,1.4502895908459663
II,365,3,1.4109865771479912
II,366,3,1.518932218613831
II,367,3,1.5099649700175708
II,368,3,1.623720135943864
II,369,3,1.4984528046759196
II,370,3,1.4731729368341924
II,371,3,1.5649700763136163
II,372,3,1.4087563774511536
II,373,3,1.5217961952222492
II,374,3,1.6280596138383288
II,375,3,1.534768645081339
II,376,3,1.4051927907901858
II,377,3,1.3575405544914019
II,378,3,1.177354876671954
II,379,3,1.1892904555545574
II,380,3,1.1583625299204965
II,381,3,1.2174410571279792
II,382,3,1.079097754007923
II,383,4,0.9836540772936563
II,384,4,0.958928493003997
II,385,4,0.9227572814482232
II,386,4,0.7761141609358804
II,387,4,0.95651903619971
II,388,4,0.9231613851687257
II,389,4,0.9852760450022333
II,390,4,0.8642689564785115
II,391,4,0.7702619973738656
II,392,4,0.5580506931333797
II,393,4,0.7859525426109073
II,394,4,0.7105665470014587
II,395,4,0.7078655295796051
II,396,4,0.6769728973002771
II,397,4,0.6545138415333676
II,398,4,0.7093798279882113
II,399,4,0.6842325745254068
II,400,4,0.5597237939204205
II,401,4,0.40627627471708494
II,402,4,0.6640441857769483
II,403,4,0.8848223215307347
II,404,4,0.7331776052726648
II,405,4,0.5804351567595019
II,406,4,0.6925694077392157
II,407,4,0.6156598637260591
II,408,4,0.6973122306090602
II,409,4,0.6378330236708489
II,410,4,0.7193356714165278
II,411,4,0.64451117893887
II,412,4,0.603012786758234
II,413,4,0.6803952732903824
II,414,4,0.9136104163139848
II,415,4,0.7977873907227305
II,416,4,0.6719458376599006
II,417,4,0.6268259202144522
II,418,4,0.6444125918039143
II,419,4,0.6841836286348517
II,420,4,0.7417805150459762
II,421,4,0.6284458941442852
II,422,4,0.7945523141652029
II,423,4,0.5544148227016878
II,424,4,0.6702651841284912
II,425,4,0.5250141120281702
II,426,4,0.757692788509019
II,427,4,0.8178840855243916
II,428,4,0.8277621544157605
II,429,4,0.9814962667668351
II,430,4,0.6960202741911945
II,431,4,0.8234108238341681
II,432,4,0.7992133260667389
II,433,5,0.7608205913283377
II,434,5,0.8432336029379199
II,435,5,0.7296363436463014
II,436,5,0.9239877311775759
II,437,5,0.8030681292360333
II,438,5,1.0321409541157476
II,439,5,0.8559648852477351
II,440,5,0.9155140520611131
II,441,5,1.0024110090352645
II,442,5,0.916774805843318
II,443,5,0.9236526692952944
II,444,5,1.0523408860915007
II,445,5,1.1533174694910502
II,446,5,1.1289138477696556
II,447,5,1.2006544092808582
II,448,5,1.3000392904971243
II,449,5,1.2874198495852007
II,450,5,1.164766391472302
II,451,5,1.2212979044714858
II,452,5,1.3076617654471319
II,453,5,1.0852169313024178
II,454,5,0.9889368285698925
II,455,5,1.2225768605676783
II,456,5,0.9615714560831008
II,457,5,1.1627982014093685
II,458,5,1.0249911801051537
II,459,5,1.0113304200558053
II,460,5,0.9038906094036616
II,461,5,0.9189959786478719
II,462,5,0.9225526800206767
II,463,5,0.9172963392896277
II,464,5,0.9963658682422497
II,465,5,0.9118082215719873
II,466,5,1.1010445783447858
II,467,5,0.8994333873577908
II,468,5,0.9010728017018557
II,469,5,0.9614943154392507
II,470,5,1.0525717570021675
II,471,5,1.0413897181670433
II,472,5,1.360401348626557
II,473,5,1.0496595092035172
II,474,5,1.2679188783887572
II,475,5,1.1402124902423894
II,476,5,1.321982501858061
II,477,5,1.582741857385984
II,478,5,2.040021664123056
II,479,5,2.476406879595626
II,480,5,2.006133361069832
II,481,5,0.9331258553630608
II,482,5,1.0631464105113775
II,483,6,1.0772500526892417
II,484,6,0.8640553116820611
II,485,6,0.909015301396674
II,486,6,0.8369127237764467
II,487,6,1.0301458716933345
II,488,6,1.3026150372477847
II,489,6,1.1921486522982203
II,490,6,0.7955781880847823
II,491,6,1.2323888377848782
II,492,6,1.7165654595896598
II,493,6,1.9024944045779746
II,494,6,2.81542338199361
II,495,6,2.099219075187651
II,496,6,1.1795152841622571
II,497,6,0.9091618091001779
II,498,6,0.4055548144584884
II,499,6,0.21261138454594208
II,500,6,-0.29405172010395786
II,501,6,-0.1380460050386011
II,502,6,-0.36542827179341886
II,503,6,-0.4805243673752685
II,504,6,-0.27801067645601674
II,505,6,-0.43533229810214213
II,506,6,-0.27681709031203794
II,507,6,0.05252285042136995
II,508,6,0.01792272153466179
II,509,6,-0.24722321348704046
II,510,6,-0.3492780316407077
II,602,6,0.6539968389789786
II,603,6,0.617701641436135
II,604,6,0.5106052647646144
II,605,6,0.655434001884889
II,606,6,0.4794907369147756
II,607,6,0.38496675271936653
II,608,6,0.2705940751685547
II,609,6,0.20680013039675227
II,610,6,0.1890193017306122
II,611,6,0.11290476051949505
II,612,6,0.15629359037645374
II,613,6,0.0771137334712384
II,614,6,0.20684216320937976
II,615,6,0.31998536078719797
II,616,6,0.3838895985155125
II,617,6,0.5011105421767189
II,618,6,0.44486008795978227
II,619,6,0.5705264608254522
II,620,6,0.5491471651195053
II,621,6,0.6617714860236488
II,622,6,0.4928971184629619
II,623,6,0.37120375226219593
II,624,7,0.3411243151818566
II,625,7,0.08901473229112644
II,626,7,0.35230329930927684
II,627,7,0.145212181140415
II,628,7,0.4439472551905691
II,629,7,0.08132261526584494
II,630,7,-0.08856707352237814
II,631,7,0.1824251675594093
II,632,7,0.22557892503281263
II,633,7,-0.1263651567259909
II,634,7,-0.0822052916900422
II,635,7,-0.0970431366340796
II,636,7,-0.1555020480046867
II,637,7,0.004269164235286782
II,638,7,-0.24334548883690554
II,639,7,-0.03693199580111606
II,640,7,-0.21449423291189085
II,641,7,0.004007348721368986
II,642,7,-0.068972482889184
II,643,7,0.0012189764889243282
II,644,7,0.14426513210445457
II,645,7,0.4157123463980792
II,646,7,-0.16623079708470612
II,647,7,-0.17399511352746355
II,648,7,0.04273256243157264
II,649,7,0.07026697422630868
II,650,7,0.041910164103177605
II,651,7,0.029435853558505753
II,652,7,0.015774793803705167
II,653,7,0.37865709607160225
II,654,7,0.1573799210652025
II,655,7,0.06483813742723976
II,656,7,0.19693777388664246
II,657,7,0.35766326375955915
II,658,7,0.31484263812997737
II,659,7,0.21393295350368824
II,660,7,0.32348291315581346
II,661,7,0.5093148451592213
II,662,7,0.34679883028065484
II,663,7,0.1603752255952553
II,664,7,0.24376530187177914
II,665,7,0.17668892303877315
II,666,7,0.21985710074861275
II,667,7,0.1341084896758098
II,668,7,-0.22497706370125892
II,669,7,0.2088654028039869
II,670,7,0.2133556584929459
II,671,7,0.09271431496667115
II,672,7,-0.08113357523547537
II,673,7,0.07455870941962273
II,674,8,-0.37302013295743097
II,675,8,-0.18587913386268573
II,676,8,-0.22026767414043436
II,677,8,-0.6024247639501099
II,678,8,-0.34548926713300554
II,679,8,-0.4394585150882315
II,680,8,-0.33399575516250224
II,681,8,0.07128902553176486
II,682,8,-0.20521128904526686
II,683,8,-0.12886055156827614
II,684,8,-0.02112939566475025
II,685,8,0.0626516182048833
II,686,8,0.2156433824990509
II,687,8,0.17609990858711
II,688,8,0.20821180544661266
II,689,8,0.025909707181808406
II,690,8,0.3487857649481867
II,691,8,0.28584029100229813
II,692,8,0.4177730023004884
II,693,8,0.5582204626328104
II,694,8,0.6540265090551021
II,695,8,0.5488851333413061
II,696,8,0.7682052948507891
II,697,8,0.8106026274090606
II,698,8,0.6078842618984597
II,699,8,0.7073987921702591
II,700,8,0.8156356246333931
II,701,8,0.6562903486695282
III,154,0,0.5662448957962942
III,155,0,0.7590359874926262
III,156,0,0.6821461626130569
III,157,0,0.61150780045765
III,158,0,0.6200236279905906
III,159,0,0.5316082402633175
III,160,0,0.3720139749136744
III,161,0,0.6799546954551479
III,162,0,0.7387598110192162
III,163,0,0.6303765866130002
III,164,0,0.7959219823107946
III,165,0,0.7284342262405936
III,166,0,0.7867042667057538
III,167,0,0.9042408378014453
III,168,0,0.8126783268914872
III,169,0,0.8525134608824003
III,170,0,1.0187501498774987
III,171,0,1.1271579696926872
III,172,0,1.274005845151486
III,173,0,1.1794316435473213
III,174,0,0.8928754637506777
III,175,0,0.9797143452467447
III,176,0,0.8056214420050549
III,177,0,1.0864789433431419
III,178,0,1.0097451394316317
III,179,0,1.0775856355451938
III,180,0,1.1196571334768677
III,181,0,1.1102630365504225
III,182,0,1.2746739720164466
III,183,0,1.675541797142288
III,184,0,1.387402708409939
III,185,0,1.6348641652083893
III,186,0,1.5792376056061654
III,187,0,1.4383303557299703
III,188,0,1.4688738922514908
III,189,0,1.702509602826835
III,190,0,1.8273279793615913
III,191,0,1.8626046080652194
III,192,0,2.032185958838058
III,193,0,1.789928411765223
III,194,0,1.6833494290172846
III,195,0,1.2930458415051505
III,196,0,1.101652330735894
III,197,0,0.9500449832612927
III,198,0,0.8995996739337624
III,199,0,0.7755922251701419
III,200,0,0.6565414683390489
III,201,0,0.272515047517065
III,202,0,0.7861405647441968
III,203,0,0.8883011921373118
III,204,1,0.7632660155898376
III,205,1,1.0305141845703443
III,206,1,0.703651253842416
III,207,1,0.7705494514643114
III,208,1,0.6401197016719178
III,209,1,0.8812842241555814
III,210,1,0.8824342149415316
III,211,1,0.9846806217311332
III,212,1,0.9232427007137864
III,213,1,1.1063717113332552
III,214,1,0.948031604540003
III,215,1,0.8418093898856824
III,216,1,1.0982658144389035
III,217,1,1.0994070820773016
III,218,1,0.9964745571453022
III,219,1,1.1529553102395604
III,220,1,1.3877341596256376
III,221,1,1.0855954607469047
III,222,1,1.1547851246965886
III,223,1,1.4686927934654992
III,224,1,1.3114373686347784
III,225,1,1.2698176301677346
III,226,1,1.3921640971323703
III,227,1,1.692371375506974
III,228,1,1.6761846069310047
III,229,1,1.6020495236676997
III,230,1,1.5973868989265072
III,231,1,1.575772335377226
III,232,1,1.570646151728883
III,233,1,1.4359774805558196
III,234,1,1.1392570933694932
III,235,1,1.2484636085394925
III,236,1,1.1742435121307861
III,237,1,1.2906803277664465
III,238,1,0.9991765554603222
III,239,1,0.8538241840981116
III,240,1,0.9641170572517705
III,241,1,0.7660257599017772
III,242,1,0.8613860963903359
III,243,1,0.957966118328093
III,244,1,0.9112092777922329
III,245,1,0.8455031918255655
III,246,1,0.9466744662913742
III,247,1,0.6426154620106002
III,248,1,0.7384751561722418
III,249,1,0.6602259658440119
III,250,1,1.0791188251862494
III,251,1,0.7967610699172667
III,252,1,1.2245141751503763
III,253,1,0.8694016650249061
III,254,2,1.0148229976781953
III,255,2,1.2323419926556385
III,256,2,0.9451541361166644
III,257,2,1.1968501307246324
III,258,2,0.9673562018658379
III,259,2,0.9206763512545284
III,260,2,0.7200132573811806
III,261,2,0.8822820740017994
III,262,2,0.6700640267123446
III,263,2,0.34953215531497106
III,264,2,0.32835879586830874
III,265,2,0.08561541110521631
III,266,2,-0.0609274172736225
III,267,2,-0.14972207199686394
III,268,2,-0.10981498155716585
III,269,2,-0.43726696163441203
III,270,2,-0.16603677933486227
III,271,2,-0.23003443220245234
III,272,2,-0.5929968255876674
III,273,2,-0.501565650376506
III,274,2,-0.4712817573807828
III,275,2,-0.4875958049543806
III,276,2,-0.8271083288888943
III,277,2,-0.9711366887459106
III,278,2,-1.0076069631420639
III,279,2,-1.0939283857789102
III,280,2,-0.9323899934950277
III,281,2,-1.0167788060384764
III,282,2,-1.2846524515615458
III,283,2,-1.1058189417488875
III,284,2,-1.0246297898535257
III,285,2,-1.10450081859759
III,286,2,-1.308317454418801
III,287,2,-0.9581733460463026
III,288,2,-0.9585437957187164
III,289,2,-1.0808384068510049
III,290,2,-0.4068488469031162
III,291,2,-0.6637098691625481
III,292,2,-0.710956502603818
III,293,2,-0.3093304350191559
III,294,2,-0.36087008747511273
III,295,2,-0.42362346375668625
III,296,2,-0.5557791233583338
III,297,2,-0.19437804354709942
III,298,2,-0.04822572261906921
III,299,2,-0.07392509068417485
III,300,2,0.14645333420966655
III,301,2,0.16224013332271325
III,302,2,-0.03350614065300017
III,303,2,0.0524083485587159
III,304,3,0.699024203071076
III,305,3,0.4421115973444001
III,306,3,0.5031260341262813
III,307,3,0.44461148655213245
III,308,3,0.5215356091638708
III,309,3,0.6125421849598003
III,310,3,0.3483271741222478
III,311,3,1.2489157830409523
III,312,3,1.9093493906338799
III,313,3,2.0766850358464346
III,314,3,1.934856220661696
III,315,3,1.5603023365348667
III,316,3,1.3596006864435466
III,317,3,1.5777072083476704
III,318,3,1.4630150755395177
III,319,3,1.3534187456531552
III,320,3,1.2059939289803547
III,321,3,1.148244390525555
III,322,3,0.9922579042853611
III,323,3,0.7765692400128641
III,324,3,0.5355626713588899
III,325,3,0.6333447450214431
III,326,3,0.42717463223584273
III,327,3,0.2595791340876379
III,328,3,0.4933310204002668
III,329,3,0.7835829374428434
III,330,3,0.6981319068683132
III,331,3,0.6388575110134973
III,332,3,0.8195120625088728
III,333,3,0.7082287718199092
III,334,3,0.8781544684260256
III,335,3,0.5795623724346455
III,336,3,0.6624976576629904
III,337,3,0.4587575587340319
III,338,3,0.4778406773165824
III,339,3,0.6463195942685379
III,340,3,0.5241537431803701
III,341,3,0.40256746240525687
III,342,3,0.6054566690483247
III,343,3,0.4832512667245865
III,344,3,0.6516713568386527
III,345,3,0.5940673157805613
III,346,3,0.788032426218295
III,347,3,0.6315824958387349
III,348,3,0.43585021783194433
III,349,3,0.6587439259944952
III,350,3,0.8644807941447239
III,351,3,0.4155205808860629
III,352,3,0.21412105272487225
III,353,3,0.540939263574167
III,354,4,0.6376050888271427
III,355,4,0.4740553640389624
III,356,4,0.504399839594099
III,357,4,0.6436943991530493
III,358,4,0.40360864881403935
III,359,4,0.6490158013250826
III,360,4,0.37274715011993753
III,361,4,0.6541014919651986
III,362,4,0.7065840030232449
III,363,4,0.566837950942898
III,364,4,0.9208676591244307
III,365,4,1.143593447231361
III,366,4,1.1383549826562411
III,367,4,1.2900023520556214
III,368,4,1.4085152568679538
III,369,4,1.5737761187655055
III,370,4,1.4635921147356044
III,371,4,1.5464752424475772
III,372,4,1.451796876504624
III,373,4,1.1719731940161402
III,374,4,1.4034122325805507
III,375,4,1.2967897004366424
III,376,4,1.1916159258187442
III,377,4,1.552567586131035
III,378,4,1.4287808019878532
III,379,4,1.5968807231348494
III,380,4,1.653604532481012
III,381,4,1.3171465919900467
III,382,4,1.521053391294176
III,383,4,0.9003888001815761
III,384,4,0.9596077087974315
III,385,4,1.281905617398052
III,386,4,1.371657053298653
III,387,4,1.7441193785241722
III,388,4,1.5192537386549847
III,389,4,1.6068870213294342
III,390,4,1.424161585205041
III,391,4,1.3729510455636134
III,392,4,1.5291530959155506
III,393,4,1.3867968192079174
III,394,4,1.238880956971182
III,395,4,1.0977154591147427
III,396,4,1.1063752954519335
III,397,4,1.1145537853132104
III,398,4,1.1598357511475132
III,399,4,0.8683004842294789
III,400,4,0.9438522729755481
III,401,4,0.8781351994087666
III,402,4,0.8153864417314044
III,403,4,0.8538869365861995
III,404,5,0.9148705577186756
III,405,5,0.8862700313725291
III,406,5,0.71233267640211
III,407,5,0.9479695356633185
III,408,5,0.8453348578864504
III,409,5,0.6372921111012779
III,410,5,0.609100931917188
III,411,5,0.5950464541889886
III,412,5,0.6349831808919983
III,413,5,0.47176468721885434
III,414,5,0.572589663143146
III,415,5,0.5580283212808
III,416,5,0.5699287813337078
III,417,5,0.6161554971539367
III,418,5,0.39150112652491653
III,419,5,0.447129639267573
III,420,5,0.2931267817413291
III,421,5,0.04271669801703115
III,422,5,0.40814008031508264
III,423,5,0.10664928707212706
III,424,5,0.30311372943721526
III,425,5,0.06899293304078624
III,426,5,0.1917894065282244
III,427,5,0.0926304836971622
III,428,5,-0.08538513724542007
III,429,5,-0.15238776585829483
III,430,5,-0.027899911259437915
III,431,5,-0.26829717200873293
III,432,5,-0.39579503869363764
III,433,5,-0.1334699811509934
III,434,5,-0.046625297436670876
III,435,5,-0.1999273881449375
III,436,5,-0.30798978446884007
III,437,5,-0.0950789087094529
III,438,5,-0.2690969440539229
III,439,5,-0.072522332106158
III,440,5,-0.022565730870018452
III,441,5,0.06323044494235841
III,442,5,-0.2515005197765535
III,443,5,-0.21715473607246627
III,444,5,0.02414523250848033
III,445,5,-0.31078057689405747
III,446,5,-0.2939395537800794
III,447,5,-0.2909555168450897
III,448,5,-0.17340049776192334
III,449,5,-0.3282213790032743
III,450,5,-0.02308352788057233
III,451,5,0.01451457170946091
III,452,5,-0.07122875824892105
III,453,5,-0.09617999925241494
III,454,6,-0.06271580785181363
III,455,6,-0.30431423453075734
III,456,6,-0.23677032202495474
III,457,6,-0.06373659435489953
III,458,6,-0.023317412300513207
III,459,6,-0.15581197833207394
III,460,6,0.03759480577461494
III,461,6,-0.11081857502051207
III,462,6,-0.12081784031058462
III,463,6,0.08486846492375044
III,464,6,0.09719863574364851
III,465,6,0.41925373050270753
III,466,6,0.17074733475680792
III,467,6,0.23211069314484967
III,468,6,0.15994932681706198
III,469,6,0.29632341819400754
III,470,6,0.3487404213746108
III,471,6,0.3589993724337672
III,472,6,0.43799015229583516
III,473,6,0.41484129469705644
III,474,6,0.4444236535085434
III,475,6,0.3382526197276726
III,476,6,0.4554256436260259
III,477,6,0.455450651890664
III,478,6,0.6201472186901822
III,479,6,0.5921742669041304
III,480,6,0.4652568412152024
III,481,6,0.7239634814552836
III,482,6,0.5841807620648443
III,483,6,0.5523605000404216
III,484,6,0.5935120004900124
III,485,6,0.8030687332751253
III,486,6,0.6010775300982277
III,487,6,0.761267512044169
III,488,6,0.9403043300902987
III,489,6,0.8713935312317944
III,490,6,0.8410395934501611
III,491,6,0.905617694549768
III,492,6,1.0884060692094693
III,493,6,0.875384089104752
III,494,6,0.9722542200426392
III,495,6,0.9975957382647418
III,496,6,1.2063874633605478
III,497,6,1.069897469488946
III,498,6,1.3032747622936425
III,499,6,1.2047939913591763
III,500,6,1.1053489140599586
III,501,6,0.8816096790240646
III,502,6,1.1723973197397222
III,503,6,0.9224851043524736
III,504,7,1.0356235464662582
III,505,7,0.9336011572542682
III,506,7,0.8345376969218767
III,507,7,0.8030587173750445
III,508,7,0.8291385419935033
III,509,7,0.7047869941486025
III,510,7,0.7009735207294452
III,511,7,0.40542569588407495
III,512,7,0.4358150362898101
III,513,7,0.5069459752704908
III,514,7,0.4366894975281638
III,515,7,0.5145265368171392
III,516,7,0.6232249544944555
III,517,7,0.6551290351693082
III,518,7,0.6238491314440552
III,519,7,0.8139355904789367
III,520,7,0.7353897057698797
III,521,7,0.7968269051172233
III,522,7,1.1345187016449512
III,523,7,1.2669614567960616
III,524,7,1.2917183095529885
