trajectory,order,scan,block,et_mm,eR_deg,iters,on_bound,n_points
VI,0,0,0,104.77260222226379,5.865167857822698,26,0,9187
VI,1,1,0,106.92177661235425,5.275710179894746,31,0,8693
VI,2,2,0,109.80102407429094,6.181029650949062,40,0,10100
VI,3,3,0,115.52208420866967,4.255842428433544,29,0,10446
VI,4,4,0,108.43455077516447,5.2180549745334295,29,0,10627
VI,5,5,0,110.20915363317575,6.056378186484775,40,0,10360
VI,6,6,0,115.63144025850859,6.911109513815331,40,0,9729
VI,7,7,0,114.52106239726827,5.777273476971582,37,0,9546
VI,8,8,0,113.23855208512107,6.1551522344530465,40,0,9250
VI,9,9,0,121.55624217227314,6.45593012340904,40,0,9503
VI,10,10,0,118.97647646545138,6.720479486871339,40,0,10394
VI,11,11,0,111.86198889102063,4.910894610095379,32,0,11500
VI,12,12,0,109.49245060141078,6.181665520924202,37,0,10142
VI,13,13,0,123.87187731605388,5.703837135248719,37,0,9300
VI,14,14,0,129.7338352576616,5.5621217541974834,40,0,8564
VI,15,15,0,123.19847821516414,5.79816825430584,40,0,9367
VI,16,16,0,119.99333005401816,7.002708999084551,40,0,9699
VI,17,17,0,116.28938793967885,5.85356620524951,40,0,10025
VI,18,18,0,113.0107372996431,5.381781528840491,34,0,10147
VI,19,19,0,110.88241777143395,6.156488449303748,40,0,9980
VI,20,20,0,114.41077671426193,5.684782847934334,36,0,10354
VI,21,21,0,109.42980366654547,5.5282815295738,40,0,10976
VI,22,22,0,99.93344118246793,4.553828183968721,40,0,10672
VI,23,23,0,85.8134806658079,4.424946575442113,33,0,10862
VI,24,24,0,83.94905439145552,4.638032988035075,32,0,10407
VI,25,25,0,98.90845850631037,5.17530272585402,40,0,9851
VI,26,26,0,102.44595772511366,3.8298542242422227,22,0,9965
VI,27,27,0,107.77963851652048,4.11858953247744,39,0,10208
VI,28,28,0,108.16802045135152,4.052911592996424,33,0,10942
VI,29,29,0,104.6040826917025,5.6514634507086825,33,0,11461
VI,30,30,0,100.35547990485229,5.067867311254029,24,0,10431
VI,31,31,0,102.83185902807398,3.7438330696565734,32,0,9959
VI,32,32,0,109.72314649086483,5.5998688469016615,40,0,9156
VI,33,33,0,113.39981507286112,4.224491088507586,30,0,9145
VI,34,34,0,110.14453715306793,4.113448082588075,24,0,9094
VI,35,35,0,107.39340186914542,5.321846969662477,27,0,9085
VI,36,36,0,96.98304254973037,5.265867523556248,26,0,9325
VI,37,37,0,100.87341303111403,4.914645977542639,28,0,8970
VI,38,38,0,96.93609779826315,6.0113414472915245,37,0,10375
VI,39,39,0,102.6075248217417,6.285996719208607,40,0,9878
VI,40,40,0,108.02307156534563,4.449065592170997,27,0,10206
VI,41,41,0,110.247146615024,5.362524871724469,34,0,10333
VI,42,42,0,109.6494808191654,6.624412371943839,39,0,10495
VI,43,43,0,108.32899927910421,5.856103845855939,25,0,10238
VI,44,44,0,110.16797174881377,6.199213640704903,40,0,9644
VI,45,45,0,110.28780950157044,7.211553564346884,40,0,9387
VI,46,46,0,113.43677706954045,5.785942371836018,36,0,9225
VI,47,47,0,119.39156526568813,5.847537146627695,40,0,9606
VI,48,48,0,115.61067918435927,6.082386344568786,40,0,10608
VI,49,49,0,106.31911062708713,4.975027554799285,28,0,11504
VI,50,50,0,109.3920762707361,6.258689470630117,40,0,9939
VI,51,51,0,122.05727883967317,6.143203412636124,40,0,8978
VI,52,52,0,127.6208344128405,5.189287738259805,38,0,9226
VI,53,53,0,120.17966968586583,5.795105193263758,40,0,9083
VI,54,54,0,115.22099584946379,7.179834121819827,40,0,9736
VI,55,55,0,107.22757518742216,7.092333158913749,40,0,9947
VI,56,56,0,107.8822107264919,6.103174333155211,26,0,10020
VI,57,57,0,106.96684779594605,6.049287034396139,32,0,9792
VI,58,58,0,109.37374612791518,5.507470191986087,40,0,9658
VI,59,59,0,107.53331571665925,3.037891776892927,26,0,10197
VI,60,60,0,102.3566063332297,3.5767867357419605,28,0,10169
VI,61,61,0,98.36322906808996,5.079538716857919,40,0,10240
VI,62,62,0,82.46448599220852,4.194162335958195,23,0,10329
VI,63,63,0,92.56343448206192,4.891587598326311,40,0,9538
VI,64,64,0,97.30192194006098,3.845661240155251,23,0,9378
VI,65,65,0,97.75932358085043,4.608002156682611,39,0,9659
VI,66,66,0,103.6738318059821,4.293968242605291,29,0,10252
VI,67,67,0,98.88951727178194,4.3944815817602585,29,0,10670
VI,68,68,0,96.27218257176841,6.483911012785911,40,0,11126
VI,69,69,0,92.29023228539218,5.036566390403756,27,0,10018
VI,70,70,1,103.69735397959712,5.512788618201524,40,0,9386
VI,71,71,1,107.16257956795837,5.028406504796665,30,0,8780
VI,72,72,1,107.76154273217387,5.205925354528478,40,0,10225
VI,73,73,1,107.10195200643516,6.504035045223415,40,0,10498
VI,74,74,1,102.27077708003168,5.26374728366937,27,0,10463
VI,75,75,1,106.37361100174941,6.219691118324973,40,0,10454
VI,76,76,1,97.22031173673841,5.173764802581967,23,0,10508
VI,77,77,1,98.3381386496147,5.340515542921681,27,0,9956
VI,78,78,1,104.99527018022343,5.79522565908202,40,0,10165
VI,79,79,1,110.04479571197717,4.578539809085929,30,0,10528
VI,80,80,1,113.60932865955594,6.279458985675662,40,0,10417
VI,81,81,1,111.75166940853482,6.975248461803003,40,0,10472
VI,82,82,1,109.9988326590371,5.871511884807055,40,0,10288
VI,83,83,1,105.26547022971323,6.725497631240311,40,0,9813
VI,84,84,1,107.39792386684302,7.284206178846128,40,0,9647
VI,85,85,1,120.68585241866249,5.3356534454009035,30,0,9820
VI,86,86,1,120.02405587707425,5.587587297959372,40,0,10414
VI,87,87,1,108.35911158119531,7.057095132268067,40,0,11221
VI,88,88,1,99.94442509811587,5.450258485575361,40,0,10224
VI,89,89,1,112.43063113657347,5.712802950858907,36,0,9639
VI,90,90,1,120.51312688943221,5.436121288869912,40,0,8700
VI,91,91,1,119.76550992411669,5.183148608241052,39,0,9927
VI,92,92,1,114.09742063993161,6.802886604916136,40,0,10315
VI,93,93,1,106.97287282079917,7.713665330600202,40,0,10492
VI,94,94,1,100.370061646262,6.350861505449265,40,0,10687
VI,95,95,1,105.07376177765455,6.5469299591771986,40,0,10533
VI,96,96,1,105.78174645831803,6.836878336058532,40,0,10386
VI,97,97,1,106.9931173118894,5.09764287292474,39,0,10952
VI,98,98,1,104.73343091300771,3.398202852702098,31,0,10663
VI,99,99,1,99.77588847639211,4.160899768816816,29,0,10744
VI,100,100,1,81.84230025131262,5.0804067153826455,40,0,10812
VI,101,101,1,93.62707134097822,5.855029746319054,40,0,10283
VI,102,102,1,96.87301318961518,3.988220241583339,23,0,10065
VI,103,103,1,98.79184099369546,4.422522510300038,27,0,10309
VI,104,104,1,102.08123202698721,5.123636205624554,40,0,10930
VI,105,105,1,97.953678594994,4.139169978480672,32,0,11234
VI,106,106,1,93.40849948484565,5.58385868020051,26,0,10526
VI,107,107,1,92.03262488352732,4.7205746187161335,24,0,10274
VI,108,108,1,104.74915401914771,4.219969813773282,30,0,9564
VI,109,109,1,107.95975877866641,5.672321161848921,37,0,9222
VI,110,110,1,108.18948450596305,4.313747947423146,26,0,9516
VI,111,111,1,107.94794235450516,4.1468476947330934,36,0,9558
VI,112,112,1,99.57283169823435,5.530934975199613,40,0,9554
VI,113,113,1,106.48777463511674,4.951390304379762,22,0,9612
VI,114,114,1,100.20079526017015,5.338299205156859,27,0,9631
VI,115,115,1,97.20634375068556,6.048054123102457,30,0,9269
VI,116,116,1,104.59990403435253,5.160185861297846,27,0,8958
VI,117,117,1,110.11042253891587,5.787033623580428,40,0,10759
VI,118,118,1,113.04696919455357,6.812898753195226,40,0,10667
VI,119,119,1,118.6754946187858,5.952424493274329,26,0,10660
VI,120,120,1,121.73531355473283,6.177097493578613,30,0,10441
VI,121,121,1,122.24884615802766,7.0948210699185905,40,0,10006
VI,122,122,1,125.11347024306174,5.594404118240923,24,0,9661
VI,123,123,1,132.9009741084388,5.681519244892035,28,0,9604
VI,124,124,1,137.16122949640135,6.343521839618618,40,0,10156
VI,125,125,1,128.5618209307626,6.8072188733063665,40,0,11449
VI,126,126,1,117.04803544362834,5.8494111610145545,35,0,10398
VI,127,127,1,128.70806900535285,5.790507717865799,40,0,9957
VI,128,128,1,137.3640475514215,5.163895544453163,24,0,9064
VI,129,129,1,144.7404235176698,6.319115772157818,40,0,8686
VI,130,130,1,133.51068677266412,5.162161958849398,27,0,9958
VI,131,131,1,129.2224868205713,6.602983513902076,37,0,10547
VI,132,132,1,121.9016107790825,7.454832038819756,40,0,10688
VI,133,133,1,123.25794205826787,5.60474092192321,32,0,10788
VI,134,134,1,126.75798500874095,5.715854893213893,30,0,10663
VI,135,135,1,126.68969497532927,4.600191130751347,27,0,10940
VI,136,136,1,119.8426353715244,4.761331281179719,40,0,10731
VI,137,137,1,111.05565410385714,3.63213464281975,40,0,11015
VI,138,138,1,102.80367989665007,4.577791711552141,29,0,10262
VI,139,139,1,98.28896382329219,3.39217729625605,28,0,9822
VI,140,140,2,111.60521945992619,4.36121561303843,24,0,9276
VI,141,141,2,114.44882437778534,4.1414361919459015,30,0,9314
VI,142,142,2,116.38306144454853,3.549780506059544,32,0,9744
VI,143,143,2,123.8737293741067,4.6231615463212545,35,0,10344
VI,144,144,2,113.06181690286967,3.9775189951732837,31,0,10705
VI,145,145,2,113.19919463399407,6.760155434761605,40,0,11321
VI,146,146,2,109.0815527453851,5.0398244528807545,25,0,9778
VI,147,147,2,119.20001911194203,5.599368684533026,30,0,9198
VI,148,148,2,122.34622379538854,5.725906389748197,40,0,8631
VI,149,149,2,125.2809431526018,4.356633606403119,29,0,10108
VI,150,150,2,125.29460489212802,5.9823633732632535,38,0,10345
VI,151,151,2,120.0491939545918,5.090474019007052,26,0,10292
VI,152,152,2,111.38983691413506,4.524735512230098,35,0,10545
VI,153,153,2,114.39753929682239,5.613103139234396,27,0,10512
VI,154,154,2,110.5582056017576,4.711992878501856,40,0,10519
VI,155,155,2,121.16971969221359,5.713396323030052,32,0,10353
VI,156,156,2,121.73733677809815,4.194486323900074,29,0,10604
VI,157,157,2,125.1813549882464,5.487388938057143,31,0,10677
VI,158,158,2,121.25213319857771,5.216254806910918,36,0,10773
VI,159,159,2,124.3644009923866,6.214138315831257,33,0,10628
VI,160,160,2,121.19982969371561,5.4081137338753855,26,0,9894
VI,161,161,2,128.69975274871385,6.919473590215212,36,0,9680
VI,162,162,2,126.472992299741,5.969683207886582,33,0,9527
VI,163,163,2,134.3900938398446,6.851530437149985,40,0,9796
VI,164,164,2,126.07220704937933,5.2341186418308325,28,0,10757
VI,165,165,2,121.29401931955549,6.606454086199627,40,0,11969
VI,166,166,2,118.54226839793377,3.660353455852066,40,0,10122
VI,167,167,2,127.85718768738057,4.357302461275874,37,0,9417
VI,168,168,2,135.08356174501577,5.125313899464524,28,0,8664
VI,169,169,2,143.14678773618328,6.103490290148728,40,0,9807
VI,170,170,2,138.66040048356004,5.245640593655724,37,0,9817
VI,171,171,2,129.40514162607366,5.359297859914893,40,0,10203
VI,172,172,2,126.66975998280563,7.210686591799672,40,0,10474
VI,173,173,2,125.08653149295975,5.619053163869471,30,0,10617
VI,174,174,2,124.6070428777189,4.935427143421445,29,0,10629
VI,175,175,2,130.8117531726707,5.703970253728251,40,0,10639
VI,176,176,2,122.84848419528633,3.4386850373670854,40,0,11054
VI,177,177,2,117.42485872926729,2.9857949925041627,36,0,9468
VI,178,178,2,109.35890599786416,3.5254629986200903,39,0,9701
VI,179,179,2,102.89878546916177,3.42150779384526,33,0,10014
VI,180,180,2,97.39023677890998,2.969367384304579,40,0,9743
VI,181,181,2,102.6133011255747,2.979621315160614,40,0,9198
VI,182,182,2,108.40297339092318,3.1171672248237217,40,0,9229
VI,183,183,2,110.5087398101605,3.281437061181722,38,0,9448
VI,184,184,2,116.76831742257161,3.1135314013597473,40,0,9778
VI,185,185,2,115.16941271934516,2.9395084685803416,40,0,10179
VI,186,186,2,108.55607523101074,3.2216381669757337,40,0,10635
VI,187,187,2,102.69492430880662,4.230785004875611,34,0,11095
VI,188,188,2,104.40457863816172,3.751726565886455,40,0,9736
VI,189,189,2,110.84039161759773,4.375774617508041,36,0,9279
VI,190,190,2,117.0620597169194,5.287197511607473,39,0,8581
VI,191,191,2,122.04282857376286,4.66483681366784,34,0,10094
VI,192,192,2,120.80856717905927,4.487666594929362,30,0,10061
VI,193,193,2,117.04293538209542,4.122237973977189,36,0,10234
VI,194,194,2,108.94762699015389,4.355215428508223,30,0,10481
VI,195,195,2,106.87199695279031,3.899027485246481,40,0,10514
VI,196,196,2,112.60369176239803,5.7044281763144875,29,0,10661
VI,197,197,2,114.86698963813956,5.03261374358233,33,0,10597
VI,198,198,2,119.99484166122991,4.834773958767081,32,0,10820
VI,199,199,2,119.91222679195587,3.99775542224225,30,0,10772
VI,200,200,2,119.57323417942962,3.9918095515270413,35,0,10635
VI,201,201,2,122.19270104219171,5.961566623215345,35,0,10779
VI,202,202,2,118.13624722488926,6.096022232997757,40,0,10743
VI,203,203,2,124.68926746351774,5.7329396051391255,28,0,10146
VI,204,204,2,121.8750789527478,5.528994552149141,23,0,9802
VI,205,205,2,121.69019763717874,5.2998007809569785,29,0,9601
VI,206,206,2,123.66908607761766,5.255819706210815,26,0,9588
VI,207,207,2,127.38179098257066,5.886066708651687,40,0,10029
VI,208,208,2,120.74893905965615,5.523929952902422,40,0,11165
VI,209,209,2,117.129965456518,5.769987560765938,40,0,10986
VI,210,210,2,125.30238886892863,5.3506251706812336,31,0,10808
VI,211,211,2,130.54917165179972,4.4894485101114805,32,0,10033
VI,212,212,2,135.0764729923995,4.855582599592202,25,0,9282
VI,213,213,2,141.4321153596968,4.437665973660931,29,0,9165
VI,214,214,2,142.29352837415217,4.8032879693253205,26,0,9138
VI,215,215,2,136.75179593346732,5.045807533107116,28,0,9341
VI,216,216,2,132.65273565568657,6.022309895219082,35,0,9668
VI,217,217,2,121.80171493482054,6.149184269646085,39,0,9972
VI,218,218,2,125.8143110554893,4.7661591964472425,40,0,10105
VI,219,219,3,125.21010671685242,4.6874276472951655,27,0,10106
VI,220,220,3,126.6570554859908,4.267002074364103,28,0,10048
VI,221,221,3,125.02942643361354,3.6892952104237806,35,0,10491
VI,222,222,3,121.01243783143079,3.318073452705298,33,0,9968
VI,223,223,3,114.23606880638911,3.7231149656160505,36,0,9997
VI,224,224,3,105.17643051846633,3.854761104197912,36,0,10267
VI,225,225,3,97.64501046586065,2.8989682341134397,40,0,10357
VI,226,226,3,102.34506708114195,2.8815266221950195,40,0,9796
VI,227,227,3,110.05383475416495,2.9733149718824237,39,0,9569
VI,228,228,3,114.55513377059341,3.5996747611735684,32,0,9715
VI,229,229,3,114.06782994901147,3.82965245064535,35,0,9895
VI,230,230,3,122.09794899560544,4.250520752080781,30,0,10167
VI,231,231,3,114.34008125368898,2.380741275620512,40,0,10683
VI,232,232,3,113.77447494408162,3.360197802025871,40,0,11094
VI,233,233,3,108.83109503581291,4.495198941352949,38,0,10287
VI,234,234,3,105.41997071729416,2.9495904969170783,40,0,10082
VI,235,235,3,114.87166070006931,3.527549023999273,40,0,9704
VI,236,236,3,117.76941557933144,4.888670623152212,28,0,9028
VI,237,237,3,116.89619774092893,3.344812344764113,34,0,8791
VI,238,238,3,123.18129973779632,3.539337963583341,30,0,10047
VI,239,239,3,120.1380813684298,3.7727791431246325,40,0,10274
VI,240,240,3,117.21809993583688,4.319543289277632,29,0,10321
VI,241,241,3,112.98556752933484,5.025738185621658,30,0,10809
VI,242,242,3,113.41966176911015,5.27454316568427,34,0,10745
VI,243,243,3,115.27613055342039,5.237096502174301,26,0,11000
VI,244,244,3,112.61674792085915,3.6389772776083156,40,0,9996
VI,245,245,3,121.88372407824993,4.685099843754287,35,0,10095
VI,246,246,3,122.41966070332552,4.421478813087005,34,0,10115
VI,247,247,3,121.46953238843712,3.313639029755397,40,0,9721
VI,248,248,3,122.5743715762067,4.680174777271855,27,0,9829
VI,249,249,3,122.49950321403495,5.264327108758545,32,0,10014
VI,250,250,3,118.49328929810326,4.727030839379923,40,0,9891
VI,251,251,3,123.5944021473207,5.373760792992647,24,0,9473
VI,252,252,3,126.57040053782472,6.186040685856523,33,0,9094
VI,253,253,3,126.00031292647168,5.219541794979317,29,0,8966
VI,254,254,3,123.16222909191025,5.1800992207882475,26,0,9883
VI,255,255,3,125.19239450984446,5.454551827799822,27,0,9985
VI,256,256,3,122.12986248604723,4.803037098259335,35,0,10573
VI,257,257,3,121.11239124137879,5.213560540921372,29,0,11628
VI,258,258,3,120.61828387832122,5.543614031210171,37,0,10788
VI,259,259,3,126.18866749535113,3.6259400899866217,40,0,10544
VI,260,260,3,135.0137619997341,5.474133633541486,28,0,9910
VI,261,261,3,131.89725095388926,4.886124609837306,31,0,9378
VI,262,262,3,140.234951617882,5.225977909169119,33,0,9070
VI,263,263,3,135.16247073720714,3.277712033926555,40,0,9107
VI,264,264,3,138.32873010836394,4.18831800327313,30,0,9210
VI,265,265,3,128.0110685883092,3.560174104095359,40,0,9498
VI,266,266,3,127.6572853201857,4.997115165044536,37,0,9845
VI,267,267,3,121.6955831144781,5.863873168039038,37,0,10126
VI,268,268,3,125.10175980172694,4.451708678438967,27,0,10228
VI,269,269,3,127.22754774753523,5.105491397710751,40,0,10096
VI,270,270,3,125.19498013626318,3.8076067046508633,28,0,10162
VI,271,271,3,125.92468964317314,3.9896682229987728,39,0,10459
VI,272,272,3,119.33119571331386,1.827545533094676,40,0,10167
VI,273,273,3,115.82845209879868,2.0742967255548566,40,0,9866
VI,274,274,3,105.64384702656527,1.7623049744535784,40,0,10021
VI,275,275,3,103.57757968565687,3.102582299828778,31,0,10329
VI,276,276,3,98.85548966388208,3.6374173846273177,30,0,10292
VI,277,277,3,100.65222303233297,2.3297205866641284,40,0,9937
VI,278,278,3,108.77476714554726,3.349910457842504,34,0,9592
VI,279,279,3,109.1501028416856,2.362641472124423,40,0,9718
VI,280,280,3,110.93985163635831,3.8180399313092015,32,0,9922
VI,281,281,3,112.25088210547426,2.342891029517568,40,0,10050
VI,282,282,3,118.49417187909198,3.5923055040590626,31,0,10526
VI,283,283,3,111.13997709664805,2.3683222074877968,40,0,10820
VI,284,284,3,112.98316143123108,3.678308396120119,40,0,11212
VI,285,285,3,104.50399570483204,2.876287598856094,40,0,10058
VI,286,286,3,106.39487829408978,2.2111297445938716,40,0,9869
VI,287,287,3,116.45342390883083,3.903016126827646,31,0,9496
VI,288,288,3,117.2781427467781,3.2249273078352623,40,0,9233
VI,289,289,3,115.35906901253811,3.113511499074694,40,0,8688
VI,290,290,3,121.51870533667122,3.5873344422668634,34,0,10151
VI,291,291,3,120.30026169101208,4.426425201530029,32,0,10146
VI,292,292,3,114.53203001523269,3.3381554374291773,40,0,10414
VI,293,293,3,110.6868783676016,4.017237532292092,36,0,10517
VI,294,294,3,107.91574520083697,3.50338191358824,40,0,10964
VI,295,295,3,113.02152652878235,4.182777952790428,38,0,10932
VI,296,296,3,115.71038735499401,4.838051382567024,31,0,11138
VI,297,297,3,117.06418595491967,3.5246810553230863,40,0,10048
VI,298,298,3,122.51251090112929,3.509936397405504,40,0,10154
VI,299,299,3,126.87604665139051,4.467295318548982,36,0,10235
VI,300,300,3,128.06607720092015,3.9119716831861497,35,0,9694
VI,301,301,3,120.31255893671944,3.0032588097430035,40,0,9635
VI,302,302,3,121.00555305404227,4.968078063246314,40,0,9786
VI,303,303,3,119.6688789749775,4.343473886264433,40,0,9923
VI,304,304,3,115.14639878107515,3.8779071429630645,38,0,9786
VI,305,305,3,122.50967850981182,5.34075049190855,31,0,9464
VI,306,306,3,122.37617151045957,4.846293962212789,37,0,8998
VI,307,307,3,125.44109404575929,5.867831372093595,35,0,9923
VI,308,308,3,122.26942902505705,4.681361044673457,36,0,9890
VI,309,309,3,128.26784337014774,5.192571251187392,39,0,9905
VI,310,310,3,124.80541867017965,5.887736701124562,40,0,10253
VI,311,311,3,122.31278127969918,4.491871458481254,39,0,10954
VI,312,312,3,121.38511212228386,5.842117887814299,40,0,11841
VI,313,313,3,119.94504124171614,4.243959869706996,40,0,10338
VI,314,314,3,130.23854044889666,3.56793950430712,40,0,10001
VI,315,315,4,132.42545272891013,3.6188399419630093,40,0,9635
VI,316,316,4,135.33195393065444,5.543665594105972,32,0,9252
VI,317,317,4,137.4909225368103,4.881338646227935,39,0,9043
VI,318,318,4,138.4185514688677,4.449161715206811,40,0,9030
VI,319,319,4,139.83573604297374,3.8486343311568665,35,0,9012
VI,320,320,4,135.8552645416963,3.0746792349009366,40,0,9195
VI,321,321,4,133.65210550215554,4.545836315049006,32,0,9558
VI,322,322,4,128.92886559484316,4.5551964371036116,32,0,9736
VI,323,323,4,119.88088824789482,4.424619939763879,33,0,9959
VI,324,324,4,124.65803751801597,4.045933963626167,38,0,10007
VI,325,325,4,126.30672545643404,3.588951803450546,40,0,9832
VI,326,326,4,126.99378067906372,4.353767413331581,27,0,9846
VI,327,327,4,128.11342601756377,4.390310899393795,29,0,10000
VI,328,328,4,126.17920522721745,3.3189593270214583,40,0,10126
VI,329,329,4,124.37188302673924,2.1801336888526714,40,0,9889
VI,330,330,4,116.69901452275437,1.2640971545421666,40,0,9630
VI,331,331,4,114.00465489056918,2.8469705302699686,36,0,9635
VI,332,332,4,111.19441567361203,2.5154013117053022,40,0,10062
VI,333,333,4,100.37776743541708,2.685804483494702,40,0,10188
VI,334,334,4,99.67371094817022,2.0655730046783747,38,0,10075
VI,335,335,4,102.14802651815842,1.866032788183542,40,0,9740
VI,336,336,4,110.79413708135404,2.7967210966215457,40,0,9571
VI,337,337,4,110.58689961370519,2.7849583459156024,40,0,9574
VI,338,338,4,110.26556753752303,2.745830318968573,33,0,9803
VI,339,339,4,111.21332109947457,2.5152104835678775,40,0,9698
VI,340,340,4,115.79084224730731,2.4248556852153875,40,0,9917
VI,341,341,4,115.3438409905132,3.538680985832077,30,0,10406
VI,342,342,4,115.55743996372789,3.3728393607058096,38,0,10621
VI,343,343,4,112.69923210960124,3.2038565045695035,40,0,10706
VI,344,344,4,108.28056583360369,2.842559981333572,40,0,10691
VI,345,345,4,109.09806937783229,2.4105922656153322,40,0,10510
VI,346,346,4,118.09069905019567,4.097015499150259,38,0,10235
VI,347,347,4,119.01815067112379,3.854939883138337,39,0,10014
VI,348,348,4,118.0951090159095,3.3977573414716407,36,0,9656
VI,349,349,4,116.89628952233988,2.6212795821786616,40,0,9589
VI,350,350,4,115.22277990621467,1.8235292493469033,40,0,9603
VI,351,351,4,117.03589381000022,3.6799625061083012,29,0,9705
VI,352,352,4,116.30097858149192,3.3585869643176682,40,0,10130
VI,353,353,4,112.63783504963027,3.1545142690675183,40,0,10159
VI,354,354,4,109.83398098064947,3.376223561491497,40,0,10439
VI,355,355,4,113.25238070532802,2.7986457464184817,40,0,10362
VI,356,356,4,118.9705878636338,4.562626859421234,36,0,10219
VI,357,357,4,117.11979875939605,3.781234574503867,40,0,10368
VI,358,358,4,121.48254776530557,3.453913844291832,40,0,10312
VI,359,359,4,124.28757206496056,3.132330958376405,40,0,10424
VI,360,360,4,122.17656505276351,2.816006965362104,40,0,10115
VI,361,361,4,124.46126183206479,4.0358430917187444,31,0,9835
VI,362,362,4,120.74764554550751,3.9741065370377915,36,0,9774
VI,363,363,4,120.34421599985778,4.080830617813416,37,0,9999
VI,364,364,4,117.13735053241875,3.8414435982681856,40,0,10241
VI,365,365,4,115.6478195284199,4.071226366074374,40,0,10010
VI,366,366,4,118.33048439381805,5.423332195952969,31,0,9548
VI,367,367,4,119.78074344031499,4.932007385453914,32,0,9171
VI,368,368,4,122.75400501803838,4.599477843837341,34,0,8886
VI,369,369,4,125.66388789674485,5.843388279549636,38,0,9979
VI,370,370,4,125.998914223826,4.491241179501978,40,0,9637
VI,371,371,4,124.80909419518215,5.060184299478521,38,0,9700
VI,372,372,4,121.43229447987429,3.903168545373681,40,0,9846
VI,373,373,4,121.34714472161272,3.234606768353966,40,0,10194
VI,374,374,4,120.22043337867726,4.617094047002472,37,0,10169
VI,375,375,4,120.86087441116496,3.7354338705762684,40,0,9978
VI,376,376,4,126.93383581590517,4.656503406520286,39,0,9803
VI,377,377,4,122.73534442792088,4.0384487229089885,40,0,9728
VI,378,378,4,123.35377759844678,4.867667455962224,35,0,9460
VI,379,379,4,123.78604292178335,3.4473489341758996,40,0,9589
VI,380,380,4,126.2473491093969,4.442634978400361,35,0,9762
VI,381,381,4,121.21900265230661,3.247985221505026,33,0,10118
VI,382,382,4,122.3828660935418,4.250487011860404,32,0,10410
VI,383,383,4,114.29686700761137,3.8803057288449967,29,0,10676
VI,384,384,4,116.65497471958624,4.585496983684417,28,0,10542
VI,385,385,4,118.75592569781014,3.9004722676002674,28,0,10076
VI,386,386,4,113.33070707916049,4.925313616301914,40,0,9465
VI,387,387,4,110.37824794744351,3.8994432214111776,40,0,8803
VI,388,388,4,116.74110855761538,3.856742896999662,40,0,10090
VI,389,389,4,114.36742656343907,3.542354588487845,40,0,10167
VI,390,390,4,110.09615995172443,3.8086102951933207,34,0,10717
VI,391,391,4,103.43630862436336,2.708697707917345,40,0,11493
VI,392,392,4,100.20366255479846,2.9555646142131033,40,0,10180
VI,393,393,4,97.5906309457657,3.0296092589476507,40,0,9708
VI,394,394,4,99.53944296578454,3.2699837531025566,40,0,9006
VI,395,395,4,98.86960182219488,2.4757843803990855,40,0,8486
VI,396,396,4,97.85185893990494,3.107536060501143,38,0,9756
VI,397,397,4,102.40424257126244,3.502755990772343,37,0,9723
VI,398,398,4,100.06624356020599,3.4774344974287623,33,0,10075
VI,399,399,4,100.78855425247079,3.736211854371878,33,0,10760
VI,400,400,4,96.81889101078097,4.434768092573646,31,0,10790
VI,401,401,4,105.14014526799501,4.813650023271723,34,0,10718
VI,402,402,4,108.32441574389495,5.739719890719655,40,0,10150
VI,403,403,4,106.89381347451925,3.7895873215950284,38,0,10077
VI,404,404,4,103.20812740404547,3.4558144230578742,39,0,10091
VI,405,405,4,98.86039805065668,3.593815347120746,35,0,10012
VI,406,406,4,99.42115591375392,3.5761756398182065,34,0,10582
VI,407,407,4,103.17335945792429,3.680601876314467,36,0,11018
VI,408,408,4,104.5380201671127,4.471398955330953,34,0,10311
VI,409,409,4,106.76403407045825,3.136361728661873,40,0,10265
VI,410,410,4,107.42160926384581,4.191477363974617,31,0,9795
VI,411,411,4,105.42654490059194,2.8870136515733775,40,0,9641
VI,412,412,4,110.99225312517129,4.126022817873423,30,0,9111
VI,413,413,4,109.38403894235915,4.280818841707044,31,0,9072
VI,414,414,4,109.66359543890806,3.353094816938599,38,0,9285
VI,415,415,4,108.8439023761455,4.346369054431017,40,0,9526
VI,416,416,4,108.69624336305753,5.755395428158933,40,0,10218
VI,417,417,4,107.6494341804204,4.659105332612959,32,0,10321
VI,418,418,5,108.81292134643815,5.438633702117641,32,0,10141
VI,419,419,5,103.23969728523765,4.095212053146215,40,0,9451
VI,420,420,5,106.31958637103008,5.073586812098087,28,0,8940
VI,421,421,5,109.68239876974135,5.2956729400208316,35,0,9967
VI,422,422,5,113.60362750892615,5.211129823165028,33,0,9955
VI,423,423,5,111.3388259501237,4.936795807157945,36,0,10145
VI,424,424,5,113.76231689976295,5.271788731318539,40,0,10720
VI,425,425,5,111.79976619136619,5.649582889471931,40,0,10907
VI,426,426,5,113.63711279266275,6.1371328158050265,40,0,10707
VI,427,427,5,119.98490766624445,6.167046460210163,40,0,10451
VI,428,428,5,115.62857795516217,6.456013962951376,40,0,10130
VI,429,429,5,115.05149642072419,4.059478928924015,39,0,9990
VI,430,430,5,114.58543924183205,4.2235034059636325,40,0,10076
VI,431,431,5,111.94913674399034,4.0896495421998065,35,0,10590
VI,432,432,5,150.8379791305233,6.838820567095638,40,0,10948
VI,433,433,5,108.82597843617806,4.20874751418739,35,0,11120
VI,434,434,5,112.71611219824096,5.401076122742851,40,0,9703
VI,435,435,5,109.53896124196972,3.5278823856056163,32,0,9362
VI,436,436,5,109.55332813622265,4.352389191874163,40,0,8930
VI,437,437,5,111.03956468942404,4.206017278648926,40,0,10065
VI,438,438,5,108.88336852553003,3.826641139675593,40,0,10192
VI,439,439,5,103.44444740858884,3.3688708207980373,36,0,10793
VI,440,440,5,99.22245100589986,3.7211163438578296,34,0,11862
VI,441,441,5,93.84145378734752,2.760542963768262,40,0,10062
VI,442,442,5,96.65430447631131,3.7760547080926457,40,0,9907
VI,443,443,5,95.87635238493314,2.574053989890038,40,0,9203
VI,444,444,5,124.02044307766062,6.470459285671969,38,0,8616
VI,445,445,5,97.3135684185435,4.03211421162611,40,0,9729
VI,446,446,5,102.81525053464073,4.198753597865706,32,0,9747
VI,447,447,5,104.67791277222182,4.265807299420355,38,0,10088
VI,448,448,5,104.45844626736567,2.6040845276222817,40,0,10694
VI,449,449,5,101.39632239863762,3.354990117792525,40,0,10683
VI,450,450,5,109.4051985892328,3.821313991346176,40,0,10650
VI,451,451,5,114.62046727510166,4.8081325688202305,31,0,10084
VI,452,452,5,113.68170198939498,4.626485026844019,39,0,9880
VI,453,453,5,108.10642749120207,4.100788486779508,40,0,9841
VI,454,454,5,106.77893457328273,4.07554495790683,37,0,9779
VI,455,455,5,107.93069607580905,4.343333962771254,28,0,10133
VI,456,456,5,110.4914494395007,4.36944183573764,31,0,10601
VI,457,457,5,108.58732061038395,3.645984865010006,40,0,10893
VI,458,458,5,112.42361966294843,3.4912738635542837,40,0,10667
VI,459,459,5,111.6693642008133,3.8389474868529687,34,0,10031
VI,460,460,5,112.54661089899149,4.131491061081018,37,0,9706
VI,461,461,5,114.27858274043629,4.3807633714595005,34,0,9342
VI,462,462,5,116.52351724250762,4.677727475315168,33,0,9259
VI,463,463,5,117.3719361593793,5.078127761048282,31,0,9607
VI,464,464,5,119.66074490918633,5.766279087301932,33,0,10195
VI,465,465,5,117.41842958341641,5.88527682651979,34,0,10747
VI,466,466,5,114.41817821155006,4.958007040899921,33,0,10579
VI,467,467,5,111.18761426573731,4.705255091532025,40,0,9958
VI,468,468,5,112.51331228536772,4.7455121231913955,34,0,9424
VI,469,469,5,117.80555345640856,4.946642443866053,25,0,9228
VI,470,470,5,121.71046253769262,5.011143981350325,40,0,9166
VI,471,471,5,121.55338930931329,4.850456651643026,37,0,9464
VI,472,472,5,119.4407829679065,5.383480052221306,29,0,9851
VI,473,473,5,120.44614512686701,5.645949429486449,31,0,10100
VI,474,474,5,127.15803622826216,6.288510935543307,34,0,9718
VI,475,475,5,120.9578317018264,4.347793031397309,40,0,9091
VI,476,476,5,119.02985150405672,4.541892698022987,39,0,8752
VI,477,477,5,118.76828383448213,6.311019811717885,40,0,9943
VI,478,478,5,119.23221188926524,5.772226243689665,40,0,10120
VI,479,479,5,172.96247431767375,11.425291900674518,40,0,10653
VI,480,480,5,116.99970474425399,7.613943655282951,40,0,11025
VI,481,481,5,117.17172384802336,7.116922584186763,40,0,10100
VI,482,482,5,114.81605327595821,6.932382276805633,40,0,9720
VI,483,483,5,114.75970279973525,6.361868663069012,40,0,9331
VI,484,484,5,116.37270079914995,6.137709547227785,40,0,9321
VI,485,485,5,117.44165003598046,5.709487302602689,40,0,9265
VI,486,486,5,110.335860388612,4.788813336293259,40,0,9778
VI,487,487,5,109.74904474097659,4.930160112303928,32,0,10672
VI,488,488,5,104.07255212077001,5.173829980543298,34,0,11079
VI,489,489,5,102.62044747688057,3.9732126686326787,40,0,9813
VI,490,490,5,100.49079168431865,4.351525360556477,40,0,9149
VI,491,491,5,100.7012361863061,4.411009943957401,40,0,8669
VI,492,492,5,104.22165024207835,4.789811930879022,38,0,9948
VI,493,493,5,109.96359410587598,5.000973932056278,39,0,10107
VI,494,494,5,109.82291168067539,4.20889184025399,26,0,11068
VI,495,495,5,107.95173524234865,4.387298220101883,31,0,10329
VI,496,496,5,108.64276518171587,5.1684089510483675,34,0,10507
VI,497,497,5,113.12124621400734,4.281156604719327,40,0,10152
VI,498,498,5,113.52106480617775,3.971001630672351,39,0,9626
VI,499,499,5,114.88922854010546,4.8766373607928735,37,0,9499
VI,500,500,5,110.78216114014941,4.018416245585432,38,0,9491
IV,216,216,0,108.02373276536281,3.4047784059257706,40,0,10709
IV,217,217,0,104.27475786616161,3.154011290002692,40,0,10571
IV,218,218,0,107.50353705553442,3.415803979245832,40,0,10536
IV,219,219,0,106.41239977848653,3.6381637952964723,40,0,10667
IV,220,220,0,107.09161202606795,4.132687047879246,40,0,10492
IV,221,221,0,108.9733128748172,3.779878275056735,40,0,10564
IV,222,222,0,115.56704194735026,4.3056148087122965,40,0,10836
IV,223,223,0,118.11554286063138,3.851691456782796,40,0,12058
IV,224,224,0,115.21226478868824,3.72257290734583,40,0,10668
IV,225,225,0,116.42836705664372,3.988385886196335,40,0,10128
IV,226,226,0,119.42522944153394,4.387810839142024,40,0,9863
IV,227,227,0,116.96174902569071,3.6524821701405243,39,0,9696
IV,228,228,0,120.05742199965607,4.262090711496928,40,0,9574
IV,229,229,0,115.55728345199583,3.910577915304309,40,0,9348
IV,230,230,0,118.45621739581097,3.915476759097868,35,0,9283
IV,231,231,0,112.63105458279287,2.9357545207831075,40,0,9101
IV,232,232,0,118.89785499810286,3.612701379812717,40,0,9138
IV,233,233,0,120.9779612130951,3.993204122353086,40,0,9263
IV,234,234,0,117.62781299008991,3.5154122411650603,40,0,9205
IV,235,235,0,115.10224181582454,3.850801880076248,40,0,9140
IV,236,236,0,116.93556331780613,4.188585015659288,40,0,9292
IV,237,237,0,112.32161903612652,4.739169423992816,40,0,9710
IV,238,238,0,112.87455122843454,4.306507203295792,40,0,10264
IV,239,239,0,118.13859730261498,4.473262170358011,40,0,10353
IV,240,240,0,114.62647159282707,4.209539816816499,40,0,10035
IV,241,241,0,115.09629582138851,3.9864496324619907,40,0,10217
IV,242,242,0,116.11508066791782,4.0297574897756325,40,0,9783
IV,243,243,0,119.77036538150874,4.794362449354818,40,0,9612
IV,244,244,0,123.73696422778094,5.23544274263331,40,0,9604
IV,245,245,0,125.80113453111397,4.6673188484317905,40,0,9639
IV,246,246,0,125.75842346320864,4.709115043701116,40,0,9899
IV,247,247,0,125.78750643723995,5.523832193813572,40,0,9527
IV,248,248,0,124.7852980165613,5.709398314220729,40,0,9318
IV,249,249,0,123.04916564551573,5.111526675826166,40,0,9315
IV,250,250,0,123.59815060821731,5.178169119111632,40,0,9148
IV,251,251,0,124.53425102715347,5.3811292116472345,40,0,9396
IV,252,252,0,119.9446344658421,4.964653046903815,40,0,9936
IV,253,253,0,115.83698003684827,4.162752185024901,40,0,10457
IV,254,254,0,112.27363001606761,4.785284556714299,40,0,10967
IV,255,255,0,118.88637131239682,5.262182446460947,40,0,10794
IV,256,256,0,121.14237127543359,4.178756206373811,40,0,10169
IV,257,257,0,123.5854383798072,5.054574249165326,40,0,9715
IV,258,258,0,125.7251491882583,5.365376239198714,40,0,9622
IV,259,259,0,123.85942936525174,5.373161736932172,40,0,9021
IV,260,260,0,121.73922991220122,4.412723740410879,40,0,9063
IV,261,261,0,118.68429732744164,5.027793248609998,31,0,9132
IV,262,262,0,117.29369541378466,4.740824909734342,40,0,9020
IV,263,263,0,113.33550973852707,5.447683106780835,38,0,9127
IV,264,264,0,111.41542968440957,4.21289403552495,40,0,9151
IV,265,265,0,117.18951768632202,5.572269867855493,38,0,9247
IV,266,266,1,117.62881755015093,4.8729251149669714,40,0,9181
IV,267,267,1,114.26338543366535,3.7451295886271,40,0,9510
IV,268,268,1,111.43900951166755,4.104661897562829,40,0,10343
IV,269,269,1,105.13510542305384,3.2882014992592468,40,0,9960
IV,270,270,1,109.29459005387484,4.105890301607846,36,0,9259
IV,271,271,1,107.43220155508531,2.420969418788371,40,0,9187
IV,272,272,1,107.10263523338689,2.9901324862326697,40,0,9385
IV,273,273,1,105.09791252355976,3.53605634949553,36,0,9088
IV,274,274,1,101.60201674656997,3.6731338810178142,40,0,9081
IV,275,275,1,105.11588238537381,2.3095185996966103,40,0,8979
IV,276,276,1,107.80946848393641,3.085636559204924,36,0,9781
IV,277,277,1,104.83317334974414,3.7900883548196562,40,0,9688
IV,278,278,1,104.16871534010826,3.902831443204187,29,0,9908
IV,279,279,1,103.54659980902554,4.044787364175272,40,0,10220
IV,280,280,1,105.92574807571816,4.008768839853245,40,0,10712
IV,281,281,1,112.46319104895487,4.175489783995849,40,0,11982
IV,282,282,1,112.30660078779732,4.4653616969025665,40,0,10210
IV,283,283,1,106.89018893652555,3.409566107751403,40,0,10171
IV,284,284,1,113.78688085420261,3.914517236566338,40,0,9521
IV,285,285,1,116.06684058612835,3.144586386845945,40,0,8801
IV,286,286,1,118.32274949835835,4.070166913515108,38,0,9672
IV,287,287,1,118.89831989644637,4.295384905831627,40,0,9672
IV,288,288,1,117.8700531899179,4.166307203350497,40,0,9787
IV,289,289,1,117.79917282675119,4.763078575519953,40,0,10112
IV,290,290,1,118.9334406463211,4.079789641752183,40,0,10399
IV,291,291,1,121.41138936297617,4.188823330786719,40,0,10963
IV,292,292,1,119.88237163543447,3.832941227331244,40,0,11186
IV,293,293,1,125.7648305448521,3.2603648455063228,40,0,10346
IV,294,294,1,126.08805466586986,3.4211570189051757,40,0,10528
IV,295,295,1,126.42128943268158,2.932025959240236,40,0,10608
IV,296,296,1,127.3467595292746,3.6050683049460783,40,0,10769
IV,297,297,1,129.39955312041255,3.8576735209600095,40,0,11026
IV,298,298,1,124.5746250813478,3.0787915772231305,40,0,9739
IV,299,299,1,123.36232039455312,4.029871016639358,40,0,9586
IV,300,300,1,119.07224796150798,4.176851924051327,40,0,9681
IV,301,301,1,115.10296344640261,3.7141061572644616,40,0,9343
IV,302,302,1,114.04791623972774,3.3903882958426257,40,0,9329
IV,303,303,1,116.94684587883434,3.252270890030316,40,0,9461
IV,304,304,1,123.65710762015583,4.320360867562317,40,0,9410
IV,305,305,1,124.81080833903441,4.788191421699199,40,0,9309
IV,306,306,1,132.77344407450713,4.7433805856765625,40,0,9342
IV,307,307,1,129.14286426695386,4.1286423485645285,40,0,9238
IV,308,308,1,128.60624770037094,3.4623450470889567,40,0,9333
IV,309,309,1,134.99008154667098,3.543890490913086,40,0,9244
IV,310,310,1,135.0736716138586,4.288795132139732,40,0,9434
IV,311,311,1,134.4639042063876,4.644422853145464,40,0,9498
IV,312,312,1,137.04208714017943,5.247366140574954,40,0,9342
IV,313,313,1,133.52334838610287,3.9818160465231003,40,0,9423
IV,314,314,1,129.55953589785395,3.563801256853846,40,0,9586
IV,315,315,1,133.0199016217971,4.248336275648745,40,0,9631
IV,316,316,2,132.96887008518613,3.681552323666089,40,0,9644
IV,317,317,2,137.46952082960797,4.213541240460541,40,0,9362
IV,318,318,2,151.13947090728664,5.973551600235208,40,0,9202
IV,319,319,2,145.42114889797588,5.465755494334151,40,0,9295
IV,320,320,2,137.93957250447667,4.790965595760964,40,0,9101
IV,321,321,2,134.96364577603748,4.268218691634764,40,0,9136
IV,322,322,2,138.92275439502808,4.468470421267858,40,0,9151
IV,323,323,2,135.23365934059268,3.7150767181588047,40,0,8831
IV,324,324,2,128.94316569050287,3.951457995972711,40,0,9849
IV,325,325,2,126.73702287984618,2.9071033207356645,40,0,9942
IV,326,326,2,126.7760636348807,3.787266786872258,40,0,10079
IV,327,327,2,121.2607710836079,3.6920288569728372,40,0,10023
IV,328,328,2,122.31457967635471,2.6541802095294056,40,0,10022
IV,329,329,2,123.00178032978783,3.2779389917322272,40,0,10176
IV,330,330,2,121.18735949424952,2.239877126803634,40,0,10336
IV,331,331,2,130.99411724797253,3.0311725079740777,40,0,10016
IV,332,332,2,126.81837563121162,4.146757495412739,40,0,9993
IV,333,333,2,122.4249949084876,2.852177090306062,40,0,10228
IV,334,334,2,117.31425852745433,3.671111995658696,40,0,10229
IV,335,335,2,124.19341887446569,4.058851625958273,40,0,10279
IV,336,336,2,124.65950626257865,3.683919616909014,40,0,10373
IV,337,337,2,124.88768883475754,3.850055337249424,39,0,10331
IV,338,338,2,121.72091980110237,2.5939934459050367,40,0,10307
IV,339,339,2,125.19359985812179,2.480415666640018,40,0,10315
IV,340,340,2,127.57018302808099,3.0206818927739096,40,0,10273
IV,341,341,2,133.98045623522495,2.3525157058303776,40,0,10253
IV,342,342,2,136.68200301049984,3.4990141161471793,40,0,10282
IV,343,343,2,141.8975703347719,3.0285387266344834,40,0,10298
IV,344,344,2,145.1352226747158,4.047482392291589,40,0,10141
IV,345,345,2,138.25416913630374,3.68969796068133,40,0,10636
IV,346,346,2,136.45411472352026,2.966211299144254,40,0,10791
IV,347,347,2,126.20182342164193,3.3131868117311107,40,0,10605
IV,348,348,2,126.93571060608546,3.678760164591597,40,0,10436
IV,349,349,2,124.46138145784789,2.536899804031479,40,0,10207
IV,350,350,2,132.92616838070828,3.308810361546554,40,0,10112
IV,351,351,2,133.31631119643933,2.6021125110574017,40,0,10139
IV,352,352,2,141.35431671707127,3.2958924447830094,40,0,10281
IV,353,353,2,145.6823930920417,3.599877289755881,40,0,10373
IV,354,354,2,152.066474500336,3.498101795999742,37,0,10548
IV,355,355,2,151.0183389222234,3.7178426915522924,40,0,10744
IV,356,356,2,146.1365412866595,2.844551762647182,40,0,10865
IV,357,357,2,141.35248292794788,2.898508556835843,40,0,10922
IV,358,358,2,156.24004178000484,3.6426813054154437,40,0,10865
IV,359,359,2,160.4518072949965,2.881358322806301,40,0,10977
IV,360,360,2,160.19061716932237,3.154573487951305,40,0,11219
IV,361,361,2,163.14306353257118,3.4718193295829742,40,0,9924
IV,362,362,2,162.73322040344124,3.721658384969911,40,0,9947
IV,363,363,2,161.59966201062394,4.869608172866794,40,0,9962
IV,364,364,2,153.9236265617623,4.837188843038618,36,0,9989
IV,365,365,2,148.30068589959572,4.349571489007735,34,0,9925
IV,366,366,3,146.99718556504484,3.602027770405252,39,0,9951
IV,367,367,3,146.61541095975022,3.94981150159537,37,0,9981
IV,368,368,3,136.92979695732734,4.077799786110071,35,0,9927
IV,369,369,3,142.83527117933724,3.720128328039886,29,0,9850
IV,370,370,3,140.08785631912676,2.8982173801690547,40,0,9871
IV,371,371,3,149.44564489751795,2.1095498053859516,40,0,9932
II,143,143,0,36.25730520199558,1.1262428825062483,40,0,10013
II,144,144,0,34.37057821023824,1.3349378150848785,40,0,9913
II,145,145,0,35.170354837790015,1.1122930704169969,40,0,9905
II,146,146,0,31.18136197295029,1.2288778635181044,40,0,9906
II,147,147,0,33.360054214759344,1.263047533379171,40,0,9848
II,148,148,0,33.531875705344135,0.974078612552352,38,0,9873
II,149,149,0,32.02668929918571,1.164473806476863,39,0,9902
II,150,150,0,37.06651705937586,1.2023552668603108,35,0,9955
II,151,151,0,34.5567196580274,0.916277028029416,40,0,10051
II,152,152,0,33.51655291155924,1.0591170238577872,40,0,10048
II,153,153,0,33.42535661027943,0.9846077585959521,40,0,10206
II,154,154,0,32.87699117017361,1.1379769926751335,40,0,10292
II,155,155,0,36.15545766630634,1.1890427154835819,36,0,10409
II,156,156,0,35.452950665125186,1.1279343307322893,40,0,10562
II,157,157,0,39.364561240939814,1.2022588669884617,40,0,10628
II,158,158,0,37.05693853860872,1.3002886766461188,35,0,10792
II,159,159,0,34.38508191948662,0.9527162728937074,28,0,10876
II,160,160,0,33.17246242406238,1.0576416742076804,40,0,10845
II,161,161,0,32.94465342143268,1.2190171630603297,40,0,10947
II,162,162,0,30.230797330240744,0.9622016540730579,38,0,11110
II,163,163,0,29.892512559528523,1.2806391302679736,28,0,9951
II,164,164,0,28.21986475861643,0.9439953197644867,31,0,9977
II,165,165,0,29.478505976212872,1.0382078184374803,31,0,10030
II,166,166,0,29.931295467851868,0.7935459948572768,28,0,9982
II,167,167,0,29.4134261007912,0.8737222899773033,31,0,9942
II,168,168,0,31.323664453435608,0.8625961470818382,40,0,9935
II,169,169,0,32.97648666411796,0.8253843137532746,30,0,9844
II,170,170,0,31.479170154262373,0.8775580835757665,38,0,9832
II,171,171,0,33.976275841569326,1.1622583917463711,40,0,9807
II,172,172,0,34.53054996936023,1.0038540987891393,33,0,9850
II,173,173,0,36.24150629597179,0.8960209968848794,30,0,9834
II,174,174,0,35.81746810579183,1.1261950917139636,26,0,9803
II,175,175,0,38.322593132800115,1.2405249518761245,34,0,9761
II,176,176,0,41.78013552489191,2.098186747367264,32,0,9757
II,177,177,0,48.54539489063222,2.050684030100852,25,0,9755
II,178,178,0,47.8248509621536,1.9189928791666055,33,0,9656
II,179,179,0,52.89050515775686,2.450656921443931,29,0,9601
II,180,180,0,48.99969113711475,1.2848088458731792,27,0,9580
II,181,181,0,49.52104605169647,1.05354756970085,31,0,9488
II,182,182,0,54.75514164148352,1.1447426608087656,28,0,9509
II,183,183,0,54.01337623523987,1.002497630864456,35,0,9448
II,184,184,0,61.502375577221734,1.127158792547507,36,0,9450
II,185,185,0,63.77129890256272,1.6326828719531612,28,0,9528
II,186,186,0,61.635586505749764,1.3061604481717732,28,0,9531
II,187,187,0,65.80631675970706,1.4280383896152797,33,0,9592
II,188,188,0,70.82397329298396,1.7178178190440574,31,0,9576
II,189,189,0,67.63141298515544,1.5449072449646952,31,0,9551
II,190,190,0,69.47626411082086,1.4631760897506103,26,0,9624
II,191,191,0,67.41993062842349,1.340595641514901,30,0,9660
II,192,192,0,72.14833728062153,1.2997343055626058,40,0,9786
II,193,193,1,71.69799173692286,1.244789619331487,40,0,9808
II,194,194,1,68.31915592352284,0.6958576900072403,39,0,9903
II,195,195,1,72.4950614934412,0.644287961028401,40,0,10019
II,196,196,1,68.88272702927061,0.17763449054088928,40,0,10025
II,197,197,1,69.23395026699454,0.3437886052468812,40,0,10128
II,238,238,1,33.16812551847906,1.0221043809091717,35,0,10720
II,239,239,1,36.14292517094138,1.5616486430925332,40,0,10658
II,240,240,1,30.04700995064509,0.8100773489832125,21,0,10717
II,241,241,1,33.59067362364136,1.1537638799551808,27,0,10660
II,242,242,1,39.14812874432952,1.594561013145054,40,0,10731
II,243,243,1,40.946772861458214,1.5350957318950642,34,0,10723
II,244,244,1,43.030915509533045,1.3682140104046456,40,0,10775
II,245,245,1,41.61251493281715,1.34619100705358,24,0,10711
II,246,246,1,42.84316127768947,1.2950107601038585,30,0,10799
II,247,247,1,43.89621077714617,1.3154989762849594,30,0,10765
II,248,248,1,42.55357253556735,1.118907391525118,40,0,10842
II,249,249,1,40.43387758286919,1.3000966097293598,40,0,10791
II,250,250,1,35.16631729283033,0.902389378640287,35,0,10843
II,251,251,1,38.24887476245025,1.1878448522072274,35,0,10832
II,252,252,1,36.83974241423949,1.1870243951870196,40,0,10857
II,253,253,1,36.507651157601856,1.3080365447564535,40,0,10866
II,254,254,1,37.02268246048038,1.0237138940855364,40,0,10871
II,255,255,1,41.81366400856437,1.1204512856688795,40,0,10921
II,256,256,1,37.30927091619713,1.1466055243827653,40,0,10884
II,257,257,1,37.31841054133612,1.1168359697538668,40,0,10972
II,258,258,1,38.50863014497827,1.124573255905081,33,0,10922
II,259,259,1,39.896208502913794,1.3110401261103195,40,0,10977
II,260,260,1,41.16892938853226,1.315567028182522,35,0,10927
II,261,261,1,40.411753365040276,1.2363482118307814,34,0,10987
II,262,262,1,40.831680897027354,1.1509214814625746,36,0,10902
II,263,263,1,40.05200258046722,0.9097613028111593,31,0,11001
II,264,264,1,41.213717774768796,1.2171735511041288,40,0,10012
II,265,265,1,48.23740970088708,1.2945598729535086,40,0,10080
II,266,266,1,50.09514587401043,1.2876997699533752,40,0,9984
II,267,267,1,44.87225004978322,1.1294728203613738,21,0,10090
II,268,268,1,57.04794303856618,1.3781910322153688,33,0,10074
II,269,269,1,62.246778849070104,1.783850014098917,29,0,10074
II,270,270,1,63.31088444233761,1.7851881369562408,30,0,10085
II,271,271,1,71.20580878950753,2.0088450776643945,40,0,10042
II,272,272,1,77.1081478255659,2.195739630854146,34,0,10093
II,273,273,1,83.89462386709829,2.654119354374079,37,0,9964
II,274,274,1,86.08638258270312,3.0784846110946678,33,0,10053
II,275,275,1,85.88973683493498,4.029168890543147,40,0,10014
II,276,276,1,84.70512330966598,2.443177607401541,31,0,9935
II,277,277,1,82.37976284599354,2.9420292843833127,40,0,10017
II,278,278,1,88.38636854839618,3.060774074773633,33,0,10053
II,279,279,1,88.46001893129335,3.721525811791373,40,0,10071
II,280,280,1,93.86822941986547,5.215260737167723,40,0,10051
II,281,281,1,85.05918770252505,2.8019475885760303,31,0,10041
II,282,282,1,89.25780756533739,3.1495799456171034,34,0,10033
II,283,283,2,87.22117525062671,2.4884616911236708,36,0,10066
II,284,284,2,80.72342397650205,2.3428133412988,30,0,10021
II,285,285,2,78.09668317658928,2.2403925332729093,40,0,9951
II,286,286,2,75.29680875854108,1.619640197147996,40,0,9973
II,287,287,2,74.7542702397802,1.931817528812988,40,0,9890
II,288,288,2,78.92861114564614,2.027014449216941,40,0,10042
II,289,289,2,79.95714918022408,2.0755475978984066,40,0,9988
II,290,290,2,80.76044131319944,1.807925875420432,40,0,10083
II,291,291,2,79.83468556572633,1.9135949587653298,40,0,10082
II,292,292,2,81.09787431046315,1.9560132644061743,40,0,10170
II,293,293,2,76.04568837325918,1.8255438224105667,40,0,10161
II,294,294,2,75.87068710667553,1.8216126677246611,40,0,10048
II,295,295,2,74.25453558310518,1.7442306186471757,40,0,10084
II,296,296,2,74.33140027964252,1.9162232181063055,40,0,10022
II,297,297,2,70.27518527455223,1.8744955859595849,40,0,10027
II,298,298,2,72.28547107390767,1.7969476152538288,40,0,10075
II,299,299,2,73.6574483207581,1.7644212516954108,40,0,10110
II,300,300,2,69.39965443599884,1.6813728446059006,40,0,10184
II,301,301,2,74.87716113145426,1.8607604554512207,40,0,10104
II,302,302,2,72.04983882573164,1.9746886438596338,40,0,10210
II,303,303,2,70.95119381046884,1.9502872749359097,40,0,10088
II,304,304,2,70.78863901314153,1.7431435725776332,40,0,10151
II,305,305,2,71.52973985347134,1.9396147284409373,40,0,10116
II,306,306,2,70.61069107941233,1.8259753362246167,40,0,10182
II,307,307,2,70.34296488706215,1.6459027149580159,40,0,10152
II,308,308,2,72.47515820979251,1.9063431093713574,40,0,10177
II,309,309,2,72.20073018360834,1.859973302396687,40,0,10213
II,310,310,2,73.33092982482476,2.1231811577990767,40,0,10264
II,311,311,2,71.44568882826243,1.9243077050878883,40,0,10296
II,312,312,2,71.52036512927245,2.3222996544119585,40,0,10331
II,313,313,2,76.88472090776587,3.5564540473383746,40,0,10480
II,314,314,2,69.99948111831564,1.8713772666002475,40,0,10403
II,315,315,2,71.87909128068081,1.129120462294614,40,0,10578
II,316,316,2,72.09066349907705,1.9358769652333248,22,0,10559
II,317,317,2,74.97896757453749,1.349767653903503,23,0,10536
II,318,318,2,78.40164555559673,0.9842103235129381,40,0,10601
II,319,319,2,88.18577607771404,2.5736838702351457,40,0,10554
II,320,320,2,91.22269982588963,2.5819272255052246,38,0,10641
II,321,321,2,84.42993288360418,2.1235902447336943,31,0,10621
II,322,322,2,103.24511127605473,4.886775033408211,40,0,10731
II,323,323,2,110.90932474903529,6.8700387938768355,40,0,10676
II,324,324,2,118.77274119449434,8.163466100072242,40,0,10782
II,325,325,2,129.44242255314765,10.183794074920524,40,0,10758
II,326,326,2,136.3493907389234,10.803124928392553,40,0,10806
II,327,327,2,149.7230848782988,12.708151329555681,40,0,10810
II,328,328,2,160.85931037846055,12.329636140988855,40,0,10782
II,329,329,2,133.4113746406483,10.110720029908016,40,0,10870
II,330,330,2,129.42160150771613,9.34637544282787,40,0,10758
II,331,331,2,124.79754529347241,8.942348466848314,40,0,10853
II,332,332,2,114.86456153964633,7.122913083567913,40,0,10839
II,333,333,3,112.7424608473923,6.915453305525015,40,0,10802
II,334,334,3,94.08834966024922,5.016275567359701,40,0,10799
II,335,335,3,85.02846974624917,3.9717160382004857,40,0,10787
II,336,336,3,75.87048218662541,3.0249513721845465,36,0,10803
II,337,337,3,71.60012520990026,2.6722632803090254,36,0,10717
II,338,338,3,66.35487805274724,1.9993991605538313,37,0,10872
II,339,339,3,73.2758627788562,2.185763559130827,32,0,10812
II,340,340,3,58.42170953027464,1.167809848105249,28,0,10802
II,341,341,3,66.85604735078205,1.1983628215838962,23,0,10711
II,342,342,3,64.85531015423808,0.8735267490198575,28,0,10803
II,343,343,3,58.07116254689773,0.7109333466613212,40,0,10831
II,344,344,3,58.290108587573314,0.8125324422732927,32,0,10799
II,345,345,3,56.70262666764137,0.9510120541017749,37,0,10926
II,346,346,3,52.835084150963155,1.1863637909976454,40,0,10804
II,347,347,3,52.7406857798679,1.0995056404013102,40,0,10973
II,348,348,3,48.093125628780605,1.2321725669543138,40,0,10904
II,349,349,3,47.93828535962568,1.3971272735515896,40,0,10978
II,350,350,3,48.019636686665976,1.5870205641428554,40,0,10965
II,351,351,3,48.48609385308368,1.5047296520113809,40,0,11004
II,352,352,3,47.32831331630909,1.4171928485370775,40,0,9918
II,353,353,3,48.364928708832245,1.4143437223394417,40,0,10007
II,354,354,3,50.9114560951641,1.485137286262564,40,0,10001
II,355,355,3,50.572054109909466,1.590331583782933,40,0,10120
II,356,356,3,48.52349626212849,1.6890624797223295,40,0,10082
II,357,357,3,47.90572172885017,1.417518957247375,40,0,10210
II,358,358,3,47.08513899610743,1.640143765164335,40,0,10162
II,359,359,3,46.856548858865395,1.4291782012566652,40,0,10226
II,360,360,3,45.339995386825414,1.5605776613191318,40,0,10332
II,361,361,3,43.16638844745716,1.243231200187529,40,0,10220
II,362,362,3,43.74346838145716,1.5245017815652147,40,0,10395
II,363,363,3,44.94398952809127,1.3710428692955132,40,0,10375
II,364,364,3,42.741838217341424,1.4374074253913622,40,0,10426
II,365,365,3,43.215793212557145,1.465233976811788,40,0,10509
II,366,366,3,40.90121935507124,1.7616535976047627,40,0,10541
II,367,367,3,43.122998781651276,1.400669769597059,40,0,10582
II,368,368,3,40.09104453657839,1.706885094405232,40,0,10642
II,369,369,3,40.40067652325351,1.471447833429255,40,0,10707
II,370,370,3,40.025098756537865,1.4625942566580155,40,0,10850
II,371,371,3,40.71057547477312,1.296877434434955,40,0,10874
II,372,372,3,39.14502479915923,1.3682310401130402,40,0,10945
II,373,373,3,38.269563088226604,1.3106724748642256,40,0,10972
II,374,374,3,37.98435462243498,1.3376915612285614,40,0,11015
II,375,375,3,37.04666578863643,1.110213521537566,40,0,10162
II,376,376,3,38.91751389244058,1.0294457914096167,40,0,10253
II,377,377,3,38.413074597677536,0.8164503166200546,40,0,10234
II,378,378,3,39.095599913715105,0.7263289891259845,40,0,10388
II,379,379,3,38.517133346891924,0.8921321993541903,40,0,10473
II,380,380,3,40.05855325188984,0.661265863778893,40,0,10430
II,381,381,3,37.52558538932053,0.7553075616543806,40,0,10631
II,382,382,3,37.582504782756686,0.8149591510395044,40,0,10676
II,383,383,4,36.46331754016847,0.8241125715909092,40,0,10851
II,384,384,4,35.79691734002076,0.4507305244957712,40,0,10932
II,385,385,4,35.19359266903453,0.6627746595234133,40,0,10935
II,386,386,4,33.41481794288637,0.5888848810015506,40,0,11074
II,387,387,4,32.54244261734534,0.5592998757702359,40,0,9967
II,388,388,4,33.87006818919818,0.6381064203282717,40,0,10048
II,389,389,4,33.94291095539542,0.6657954821055965,40,0,9988
II,390,390,4,32.66109148831046,0.6991153402422746,40,0,10021
II,391,391,4,32.47116830629571,0.7325329236294185,40,0,9999
II,392,392,4,30.434462767713985,0.4863940294060856,40,0,10087
II,393,393,4,35.08081356961332,0.22861260606281605,40,0,9996
II,394,394,4,32.50235463181804,0.679437517949116,40,0,10088
II,395,395,4,33.66143378402683,0.41839715301267355,40,0,9934
II,396,396,4,34.34898940632225,0.28822198163666995,40,0,9957
II,397,397,4,33.198490286771815,0.4333727286615419,40,0,9880
II,398,398,4,33.63759975290401,0.34278554905015707,40,0,9875
II,399,399,4,33.04311954327923,0.5033407080472722,40,0,9785
II,400,400,4,34.437569674953,0.11598596628522014,40,0,9801
II,401,401,4,33.82047671266256,0.4323924362812059,40,0,9696
II,402,402,4,33.32663210053033,0.5797162267990792,40,0,9705
II,403,403,4,33.840176184529646,0.19962769005986386,40,0,9562
II,404,404,4,34.376840721969266,0.4743533814924734,40,0,9674
II,405,405,4,32.138257353289674,0.2161006646593341,40,0,9536
II,406,406,4,32.18351363859318,0.2706371547415229,40,0,9546
II,407,407,4,33.65457488768655,0.41900300684905667,40,0,9504
II,408,408,4,33.45511167822876,0.24552356169786674,40,0,9388
II,409,409,4,32.318192093984834,0.6327451323392893,40,0,9457
II,410,410,4,33.198303862461046,0.42605806464150875,40,0,9398
II,411,411,4,32.04223107114258,0.08404128480982667,40,0,9427
II,412,412,4,33.419991237104206,0.3816377571653326,40,0,9315
II,413,413,4,33.21673218326892,0.18162773144538055,37,0,9419
II,414,414,4,32.340084263064256,0.4589426256985583,40,0,9306
II,415,415,4,34.19704679109616,0.3280839499280697,40,0,9333
II,416,416,4,31.855030447783857,0.20744910690767765,38,0,9216
II,417,417,4,31.735423822081334,0.21726153443208382,40,0,9239
II,418,418,4,33.89280395382129,0.2942311628305566,40,0,9157
II,419,419,4,32.09148553691958,0.409493067970992,40,0,9243
II,420,420,4,32.75769613982918,0.5074332381404469,40,0,9143
II,421,421,4,33.90085543998026,0.22717605828854076,40,0,9236
II,422,422,4,32.568976831721784,0.43990793451756577,37,0,9127
II,423,423,4,32.4323464582376,0.37140727669827855,33,0,9142
II,424,424,4,33.112330886656586,0.32099201214761,40,0,9094
II,425,425,4,32.4825860823548,0.33921858589604875,40,0,9104
II,426,426,4,31.363338378318346,0.42552177246536876,40,0,9009
II,427,427,4,32.87512522866297,0.5043144824373156,40,0,8954
II,428,428,4,31.052129783016586,0.5583886571033602,37,0,9999
II,429,429,4,31.634788777822504,0.40083699805644735,39,0,10053
II,430,430,4,32.036211304964745,0.31474377898390765,37,0,10054
II,431,431,4,32.336585545484134,0.3155183355691425,40,0,10036
II,432,432,4,31.12721851486738,0.49328254043456354,36,0,10023
II,433,433,5,32.33283520696767,0.6593229557261,40,0,10025
II,434,434,5,33.32009983356447,0.4017119999151471,39,0,9897
II,435,435,5,32.30705259744533,0.36627128133551545,31,0,9921
II,436,436,5,32.81396212422034,0.6719354585333571,30,0,9890
II,437,437,5,32.2568125092766,0.6377380674317383,37,0,9856
II,438,438,5,32.074396561475396,0.6506587593101253,31,0,9793
II,439,439,5,32.90411092170753,0.7928717162842276,33,0,9750
II,440,440,5,31.63657822388647,0.7825903821254216,29,0,9697
II,441,441,5,33.05099459780469,0.812229807102968,40,0,9717
II,442,442,5,32.1672511451312,0.8606202861997443,30,0,9626
II,443,443,5,31.09891039016171,0.8979594987641879,40,0,9575
II,444,444,5,32.62004465879537,0.8415904528359336,40,0,9516
II,445,445,5,33.27681095620229,1.077323850462441,37,0,9400
II,446,446,5,32.22075194992107,1.3209824389822296,40,0,9395
II,447,447,5,32.426890610804655,1.2155614485921347,40,0,9302
II,448,448,5,32.54365001583485,1.3019394429320845,40,0,9282
II,449,449,5,33.536452816189346,1.5608630565993875,35,0,9153
II,450,450,5,31.76483832864647,1.2685845720860478,32,0,9077
II,451,451,5,33.09034043629921,1.5367897189570443,40,0,8956
II,452,452,5,33.329952840694965,1.532334364845479,40,0,9871
II,453,453,5,34.961643840945435,1.2742776602348176,40,0,9752
II,454,454,5,32.63829442584064,1.1905987110797283,40,0,9553
II,455,455,5,32.747693428956936,1.2252612318324985,40,0,9278
II,456,456,5,34.534622558973574,1.2490699552654345,40,0,9058
II,457,457,5,36.16006414417379,1.0377977082021266,40,0,8795
II,458,458,5,33.11802852465096,1.246938930276171,40,0,9757
II,459,459,5,34.538352955575824,1.4382353850387681,40,0,9482
II,460,460,5,37.27480371895946,0.9972888354630355,40,0,9157
II,461,461,5,35.89019718584518,1.3231088752175073,40,0,8875
II,462,462,5,34.06861821335386,1.226548486855428,40,0,9666
II,463,463,5,34.92426626935951,1.3269306493578006,40,0,9360
II,464,464,5,39.427511010697565,2.9421834273743808,40,0,9143
II,465,465,5,56.30004884251632,4.948902500030296,40,0,8827
II,466,466,5,96.88719232016675,9.482517378085106,40,0,9816
II,467,467,5,169.6626025275288,14.99950034776934,34,1,9560
II,468,468,5,196.42840183602036,14.955443013967127,14,1,9488
II,469,469,5,115.40622143748142,11.366370233591713,40,0,9310
II,470,470,5,47.05398536258453,2.303361480868603,40,0,9122
II,471,471,5,42.80122263985235,1.551024473509332,40,0,9070
II,472,472,5,71.80216739508855,4.839325348137363,40,0,8960
II,473,473,5,189.76628022848186,14.453379381308725,40,0,10071
II,474,474,5,233.7312384802231,14.97354388186806,15,1,10019
II,475,475,5,309.9016569139556,13.562739913371795,4,1,10102
II,476,476,5,377.9688806580596,9.654084783492934,2,1,10270
II,477,477,5,299.99999999999994,0.0,1,1,10651
II,478,478,5,300.0,0.0,1,1,11146
II,479,479,5,300.00000000000006,0.0,1,1,10497
II,480,480,5,299.99999999999994,0.0,1,1,11112
II,481,481,5,300.0,0.0,1,1,10354
II,482,482,5,300.0,0.0,1,1,10432
II,483,483,6,300.0,0.0,1,1,10417
II,484,484,6,300.0,0.0,1,1,10461
II,485,485,6,300.0,0.0,1,1,10537
II,486,486,6,299.99999999999994,0.0,1,1,10601
II,487,487,6,300.00000000000006,0.0,1,1,10610
II,488,488,6,300.00000000000006,0.0,1,1,10683
II,489,489,6,299.99999999999994,0.0,1,1,11090
II,490,490,6,300.0,0.0,1,1,10390
II,491,491,6,300.0,0.0,1,1,10659
II,492,492,6,300.0,0.0,1,1,10862
II,493,493,6,300.0,0.0,1,1,11056
II,494,494,6,300.00000000000006,0.0,1,1,10024
II,495,495,6,300.0,0.0,1,1,10185
II,496,496,6,300.0,0.0,1,1,10367
II,497,497,6,300.00000000000006,0.0,1,1,10544
II,498,498,6,300.00000000000006,0.0,1,1,10686
II,499,499,6,300.00000000000006,0.0,1,1,10825
II,500,500,6,344.33484357432604,14.112259636895509,3,1,11116
II,501,501,6,266.23004022929433,14.98210091757115,8,1,10186
II,502,502,6,142.09211949818496,11.257764234970923,40,0,10250
II,503,503,6,89.22868295992483,7.434225654724055,40,0,10371
II,504,504,6,123.03797837437484,13.06890742770519,40,0,10435
II,505,505,6,120.22779613752544,12.825366730976999,40,0,10515
II,506,506,6,69.26200529451567,4.773869857020794,31,0,10641
II,507,507,6,58.31193702969305,3.051139464141058,40,0,10677
II,508,508,6,76.4769986048727,5.826535575277466,40,0,10843
II,509,509,6,65.36361516022973,3.545572732784765,37,0,10902
II,510,510,6,84.01809874287358,6.029263056225525,36,0,10975
II,602,602,6,10.02471161367453,0.9809689042922598,28,0,10391
II,603,603,6,11.65290107126149,0.8843829082864874,20,0,10233
II,604,604,6,11.838078846263242,0.7419858064564242,20,0,10262
II,605,605,6,9.876071477410823,0.4933499748417137,20,0,10254
II,606,606,6,11.883615139497165,0.5543535320525637,19,0,10192
II,607,607,6,9.71500007160376,0.40103121693438415,18,0,10136
II,608,608,6,12.421086175067206,0.38489742299106827,13,0,10048
II,609,609,6,11.904300681428577,0.19265094938403887,14,0,10085
II,610,610,6,14.716119838723788,0.4238305828654791,28,0,9949
II,611,611,6,16.79937517865449,0.7199085703428815,26,0,9862
II,612,612,6,20.736596941808784,0.5883216678234183,24,0,9851
II,613,613,6,19.4417532289913,0.8534328195387997,35,0,9822
II,614,614,6,21.113885929618593,0.9570715550455037,37,0,9630
II,615,615,6,23.056383889714805,1.2170971568630147,38,0,9562
II,616,616,6,24.01279474742488,1.0640201169582937,33,0,9578
II,617,617,6,29.049778141233826,1.360597203189284,40,0,9405
II,618,618,6,29.0388676037368,1.2734552350799584,40,0,9233
II,619,619,6,31.386428028319457,1.2502036679768147,35,0,9162
II,620,620,6,29.917903065250353,1.4629743814434664,38,0,9047
II,621,621,6,34.80268583377677,1.5943986359458726,28,0,8841
II,622,622,6,38.16451469483058,1.6475332477120623,40,0,9817
II,623,623,6,38.97695418767263,1.1241260500811392,26,0,9618
II,624,624,7,38.67517923224922,1.473687183969588,40,0,9426
II,625,625,7,39.252531027121194,1.440894694849743,34,0,9178
II,626,626,7,39.83487036110464,1.2968996369886043,31,0,8997
II,627,627,7,41.241077434988654,1.382618220815608,28,0,9662
II,628,628,7,39.1896536468918,1.7715140456386498,36,0,9199
II,629,629,7,32.55105764287484,1.4026996932684779,36,0,8995
II,630,630,7,30.147480902588864,1.4388610865859686,30,0,9813
II,631,631,7,26.419179282771953,1.281423827023051,40,0,9678
II,632,632,7,28.685553814878602,1.3068884109170142,29,0,9582
II,633,633,7,31.653104054557456,1.1933265221546807,29,0,9486
II,634,634,7,32.3146344612582,1.5272178165504693,38,0,9358
II,635,635,7,31.97826197996057,1.625607973523304,29,0,9302
II,636,636,7,37.374189602146046,1.4959206380264323,28,0,9358
II,637,637,7,39.526598093530076,2.0321643359498602,31,0,9338
II,638,638,7,37.50739710813687,1.5684521747242428,25,0,9191
II,639,639,7,41.34472017319445,2.3678636195861666,39,0,9011
II,640,640,7,41.60956207704256,2.112595459844266,39,0,8738
II,641,641,7,42.433550107016984,2.1381079456351495,33,0,9693
II,642,642,7,43.638735628352926,2.13698192983221,40,0,9360
II,643,643,7,42.31950499445651,2.360841779701117,40,0,9311
II,644,644,7,43.255759035381246,2.0927670738803124,39,0,9127
II,645,645,7,44.978618568341695,2.269866711299421,33,0,9017
II,646,646,7,45.37232697193318,2.0076900790819336,38,0,8869
II,647,647,7,45.045967594616585,2.1174131575107773,39,0,10012
II,648,648,7,46.87570250206401,2.1848991458380564,35,0,9893
II,649,649,7,45.00695547904085,1.9906558130606586,40,0,9783
II,650,650,7,44.27014119202279,2.0395568115363316,39,0,9732
II,651,651,7,46.58326986475026,2.3289450795003885,40,0,9716
II,652,652,7,44.980819950624515,2.122945903652294,33,0,9618
II,653,653,7,42.68787821714625,2.3244909658585255,39,0,9650
II,654,654,7,44.31576284510047,2.3043730666343984,40,0,9670
II,655,655,7,45.20013705785531,2.0953288903875227,39,0,9687
II,656,656,7,45.61214717372772,2.1566261966642353,40,0,9901
II,657,657,7,46.19066828005273,2.415360189845367,38,0,9992
II,658,658,7,47.98638762635677,2.0062105020773524,36,0,10000
II,659,659,7,52.76445896566344,2.1908729761210917,40,0,9908
II,660,660,7,53.51700492007887,2.247776943192882,34,0,9823
II,661,661,7,50.97698153602804,2.002968533351377,36,0,9566
II,662,662,7,46.7603588856811,1.9291625647706674,40,0,9384
II,663,663,7,45.3284928609455,1.7293611598202423,34,0,9320
II,664,664,7,42.746571435535124,1.702079479693923,37,0,9182
II,665,665,7,41.617293835950576,1.6067558138382145,38,0,9099
II,666,666,7,40.045771105285056,1.6427569497622072,36,0,9115
II,667,667,7,40.468763144938,1.7080747451212546,35,0,9090
II,668,668,7,41.3541705497367,1.6410991833526019,40,0,9077
II,669,669,7,42.7829509543609,1.6979826309510058,35,0,9166
II,670,670,7,41.69384232653384,1.6522908185507736,36,0,9053
II,671,671,7,39.59446278945347,1.610158455994336,40,0,9019
II,672,672,7,39.640679465729846,1.3787256900014278,30,0,8923
II,673,673,7,39.41682854067819,2.0620228967355407,40,0,9976
II,674,674,8,39.569840180413344,1.8236849062386233,34,0,9765
II,675,675,8,40.03363265038312,1.6525339972756075,40,0,9694
II,676,676,8,40.01514315768946,1.496166399413064,35,0,9548
II,677,677,8,39.66411334742116,1.3364285437372556,33,0,9407
II,678,678,8,41.58420250348117,1.4703036126042128,36,0,9367
II,679,679,8,40.241238668132915,1.5251810402943928,40,0,9275
II,680,680,8,43.715441581591854,1.1881003108641746,26,0,9238
II,681,681,8,49.44670643217589,1.5313069185752548,34,0,9394
II,682,682,8,51.13504486273602,1.609376710596536,29,0,9377
II,683,683,8,47.7108906084763,1.47835723836808,30,0,9640
II,684,684,8,44.899580249896786,1.4692915699182105,38,0,9825
II,685,685,8,47.456307066885444,1.4919077744969502,33,0,9807
II,686,686,8,48.658451141928346,1.6604740859796823,35,0,9846
II,687,687,8,47.31304421299909,1.6928563372068823,37,0,10045
II,688,688,8,50.47993449082571,1.4813272390125012,31,0,10103
II,689,689,8,47.29228547113334,1.7089971482442239,33,0,10423
II,690,690,8,50.41932269231447,2.1275753562277115,40,0,10553
II,691,691,8,58.94830485522541,2.929369727692557,36,0,10748
II,692,692,8,49.317997910153906,1.7263487850736519,34,0,10923
II,693,693,8,51.52895761886785,1.7571597579868334,31,0,11171
II,694,694,8,49.35226421009172,1.7891897190976658,39,0,10075
II,695,695,8,50.68892438333171,1.849015912833989,33,0,10302
II,696,696,8,53.83323682536278,2.121445379907553,36,0,10416
II,697,697,8,46.49492524876993,1.90083727335242,36,0,10517
II,698,698,8,48.7493617528112,2.086983803770952,30,0,10786
II,699,699,8,47.83492494973319,2.1188880934618997,38,0,10829
II,700,700,8,45.889438442202845,2.244884368234678,32,0,10876
II,701,701,8,49.23631974223323,2.3186050908561575,35,0,11012
III,154,154,0,41.77299204315419,1.6932717981214345,40,0,9804
III,155,155,0,48.896194179649115,2.2097497309440373,32,0,9826
III,156,156,0,45.675896692248436,2.1305485535637927,38,0,9812
III,157,157,0,48.186266569276775,1.9976272603541834,39,0,9804
III,158,158,0,45.7879138914617,1.744871598659622,34,0,9789
III,159,159,0,51.1412228501796,2.04995746508482,37,0,9742
III,160,160,0,51.31956675028182,1.6689613851262948,37,0,9837
III,161,161,0,49.465848229175386,1.7904895368386757,35,0,9713
III,162,162,0,54.1949176276563,2.1918412703768997,35,0,9814
III,163,163,0,50.30967322380127,1.6735372712207175,39,0,9780
III,164,164,0,52.20580698787205,1.7431239375113765,38,0,9881
III,165,165,0,49.625899494706594,1.4600659735771013,39,0,9948
III,166,166,0,49.81533490551261,1.6926524923589055,40,0,9954
III,167,167,0,49.62024337056769,1.5665977670201536,40,0,10078
III,168,168,0,47.70896828123495,1.4195674111306449,40,0,10047
III,169,169,0,50.48729120536911,1.6667290905102585,40,0,10239
III,170,170,0,50.00953984955408,1.3926907464106284,38,0,10210
III,171,171,0,53.6452769116082,1.715545742891533,40,0,10356
III,172,172,0,53.613753005376,1.9406453052191284,40,0,10290
III,173,173,0,54.56260833908987,1.668026493045122,40,0,10323
III,174,174,0,52.63629737728868,1.7044220175228986,40,0,10342
III,175,175,0,55.531289877673636,2.073358672527581,40,0,10344
III,176,176,0,55.346983511359895,1.8095054726848763,40,0,10273
III,177,177,0,59.04986375939262,2.0038872399343473,40,0,10307
III,178,178,0,60.967917499954275,1.8576788360783094,40,0,10281
III,179,179,0,59.941256801508416,1.853901882285826,40,0,10311
III,180,180,0,59.49296646099348,2.0220079208830013,40,0,10296
III,181,181,0,58.572968228318004,2.123437624448525,40,0,10344
III,182,182,0,60.185833987245644,2.139620170638126,40,0,10375
III,183,183,0,60.352428371432715,2.486112256027625,40,0,10436
III,184,184,0,60.24244948798762,2.513820175228432,40,0,10363
III,185,185,0,59.980068588263045,2.5698691786913277,40,0,10414
III,186,186,0,60.733788528796154,2.8822484268235247,36,0,10402
III,187,187,0,60.55459878772921,2.76679887815566,40,0,10487
III,188,188,0,60.13938297987395,3.0081565255416813,37,0,10432
III,189,189,0,62.13850208904504,3.1699038922975427,40,0,10545
III,190,190,0,64.3474132098374,3.0497887953799214,40,0,10527
III,191,191,0,68.66144953486693,3.0038412351971537,40,0,10505
III,192,192,0,67.25801572227591,2.5025417227006272,40,0,10589
III,193,193,0,67.28108551741249,2.405231165741912,40,0,10443
III,194,194,0,66.30193037947684,2.3083771287630808,40,0,10407
III,195,195,0,66.83173210744195,2.2807859241313437,40,0,10333
III,196,196,0,68.12657571585923,2.4026600918567156,40,0,10375
III,197,197,0,66.77437256538477,2.302283479691,40,0,10246
III,198,198,0,65.58699252329288,2.2943869625155546,40,0,10254
III,199,199,0,65.16888809639785,2.003373139616863,39,0,10307
III,200,200,0,64.8783820452311,1.9288535923562382,40,0,10194
III,201,201,0,64.81174899350327,1.7403915699200485,40,0,10085
III,202,202,0,62.327675581482886,2.1646526652225817,39,0,9906
III,203,203,0,59.92696181934074,1.9158074036039603,40,0,9854
III,204,204,1,60.03432067440157,2.096066978198261,40,0,9808
III,205,205,1,66.04836684481117,2.2230806643414716,40,0,9770
III,206,206,1,66.14440007258885,1.9288470838465566,40,0,9840
III,207,207,1,65.80252976390629,2.2627139927196356,36,0,9697
III,208,208,1,62.8254581591163,2.2204051180373225,40,0,9567
III,209,209,1,60.341702877020715,2.339863867464805,35,0,9427
III,210,210,1,63.5093535969143,2.546125902040786,40,0,9433
III,211,211,1,58.63150229483018,2.360150317111351,40,0,9353
III,212,212,1,55.40802897624772,2.5017812025530275,38,0,9315
III,213,213,1,58.452126039797,2.794227053342563,40,0,9289
III,214,214,1,53.3168062017707,2.4163069576161265,40,0,9316
III,215,215,1,57.946599949520625,2.5863335614583884,40,0,9396
III,216,216,1,55.41033703543262,2.8010946497815796,39,0,9518
III,217,217,1,52.3993541500865,2.450290423513018,35,0,9590
III,218,218,1,50.930911057532995,2.802196500861106,30,0,9487
III,219,219,1,46.701940415572395,2.3068218051461264,28,0,9547
III,220,220,1,47.76564291671632,2.2808130857678046,40,0,9609
III,221,221,1,47.12006534682559,1.941573044698662,40,0,9707
III,222,222,1,49.22172653438152,2.1169711643828744,40,0,9782
III,223,223,1,52.33569907571184,2.2478939103159283,33,0,9822
III,224,224,1,53.34431508902911,2.176279534324749,36,0,9746
III,225,225,1,58.78836000087623,1.9906224592501218,40,0,9696
III,226,226,1,57.931845187274625,2.419342112209677,28,0,9779
III,227,227,1,58.55562173845302,2.1594076472475567,40,0,9826
III,228,228,1,54.22083186325269,2.58712965416116,36,0,9756
III,229,229,1,54.60632295290268,2.475947861823438,39,0,9786
III,230,230,1,59.80183960725664,2.6620770323635345,33,0,9592
III,231,231,1,61.69226909064168,2.646480167721102,36,0,9603
III,232,232,1,61.36627630789424,2.899373535980665,33,0,9500
III,233,233,1,59.55561984887279,2.520851985609297,37,0,9647
III,234,234,1,59.40538119984116,2.3746981900073325,38,0,9821
III,235,235,1,59.736231272977015,2.504231315568669,29,0,9906
III,236,236,1,60.02553167731845,2.5618824434854885,30,0,9889
III,237,237,1,63.25613271428397,2.2469199521461625,27,0,9895
III,238,238,1,60.28691514525492,2.23157787577394,24,0,9890
III,239,239,1,60.75717872759703,2.4657438489089136,29,0,9858
III,240,240,1,66.37034272823836,2.6709881182566604,25,0,10123
III,241,241,1,69.03316402320462,2.4538606011608644,29,0,10296
III,242,242,1,71.8789906009015,2.9634867373676466,36,0,10453
III,243,243,1,71.74363669538037,2.969869579246542,27,0,10356
III,244,244,1,69.46433343407854,2.690829393988545,26,0,10378
III,245,245,1,71.47827613025778,2.6903241542400003,38,0,10513
III,246,246,1,70.65861848485487,2.644783150388853,40,0,10570
III,247,247,1,70.6741435923954,2.6850129327995678,27,0,10674
III,248,248,1,65.8375637998618,2.4632380106329514,25,0,10592
III,249,249,1,66.38384791909345,2.720629727895152,32,0,10548
III,250,250,1,69.24755994978698,2.5940607142174485,26,0,10520
III,251,251,1,69.46661789111684,2.570144765516937,25,0,10382
III,252,252,1,65.83976986793986,2.304016217904427,39,0,10292
III,253,253,1,60.91249760319971,2.286878950194098,29,0,10165
III,254,254,2,54.44377110138659,2.6290661340741814,26,0,10235
III,255,255,2,51.89004310084898,2.303024061762551,27,0,10169
III,256,256,2,52.58403530133132,2.603501294457379,35,0,10220
III,257,257,2,51.49915453854937,2.4842245186384777,30,0,10212
III,258,258,2,52.47942283220545,2.534268457053222,37,0,10282
III,259,259,2,52.57572249087861,2.398489985705959,40,0,10481
III,260,260,2,51.08630018184917,2.47764654287721,34,0,10608
III,261,261,2,54.85908972442126,3.0853800040078556,35,0,10858
III,262,262,2,58.328936770613254,2.4362141215479114,27,0,10849
III,263,263,2,53.788723772856855,2.5292644800107715,40,0,10857
III,264,264,2,55.20642282466789,2.3984491073323055,36,0,10676
III,265,265,2,51.70200332486078,2.1421756303830692,38,0,10605
III,266,266,2,52.0272701937445,2.5858540153007796,35,0,10603
III,267,267,2,49.34191379237132,2.283814119653855,40,0,10579
III,268,268,2,50.97769843485806,2.131264082038004,32,0,10590
III,269,269,2,50.87884043016368,2.1391526702194,40,0,10577
III,270,270,2,47.04606203096917,2.03852624970426,32,0,10586
III,271,271,2,41.954382035944874,2.3249805942392836,38,0,10550
III,272,272,2,42.616840298194376,3.1000709028363973,40,0,10622
III,273,273,2,44.10344775217631,2.866178005926137,40,0,10854
III,274,274,2,46.10349294724106,2.6702029833740766,40,0,11001
III,275,275,2,45.07594129803712,2.381978179933739,40,0,10280
III,276,276,2,44.816459026275425,2.6972022277467578,40,0,10341
III,277,277,2,41.64568185746457,2.590442182486631,40,0,10445
III,278,278,2,42.36411803605927,3.0654347971772165,40,0,10499
III,279,279,2,41.230715838767345,3.0201228560833293,38,0,10753
III,280,280,2,41.2734215243267,2.7322529747499793,38,0,10952
III,281,281,2,38.05462118370547,2.9335160844095842,40,0,11147
III,282,282,2,34.71165450839647,2.909753373331098,40,0,9930
III,283,283,2,35.67855744637641,2.623654817476287,40,0,9982
III,284,284,2,35.81538598947516,2.957128323647014,40,0,9975
III,285,285,2,35.698759934066935,3.186660267808109,40,0,9942
III,286,286,2,33.8795690411537,3.0117003830773834,40,0,10118
III,287,287,2,32.77343456359155,2.8213968058532304,40,0,10244
III,288,288,2,33.25868507883255,2.616956883650696,40,0,10226
III,289,289,2,31.37719325001733,2.7822213723211657,40,0,10279
III,290,290,2,34.7240322612928,2.594525497835944,40,0,10221
III,291,291,2,34.68813637387331,2.4651912949737063,40,0,10158
III,292,292,2,32.49325155847142,2.1210081317697456,40,0,10070
III,293,293,2,35.9275062852654,2.352499710793402,40,0,10045
III,294,294,2,34.8069751102225,2.212295337909736,40,0,9981
III,295,295,2,33.52860576768147,2.258770987774795,36,0,9901
III,296,296,2,39.126993711554775,2.592074211212468,38,0,9907
III,297,297,2,35.93498891650448,2.101157422683547,35,0,9887
III,298,298,2,38.13907945482952,2.38564348168137,40,0,9747
III,299,299,2,35.743706338948954,2.1673130959706746,40,0,9769
III,300,300,2,35.12511630532246,2.01963999839409,40,0,9822
III,301,301,2,37.829192758894145,2.6919328335529285,39,0,9909
III,302,302,2,37.10183834287714,2.44957253228875,38,0,9753
III,303,303,2,36.70870145294802,2.277333775535296,36,0,9685
III,304,304,3,33.166984629091026,2.1263734582815004,39,0,9694
III,305,305,3,33.753026974904095,1.993854259874338,31,0,9756
III,306,306,3,33.93175199679039,2.134918869602093,40,0,9833
III,307,307,3,36.51726274010401,2.2033300362623756,40,0,9907
III,308,308,3,38.306673616704465,2.1011843480083776,40,0,10044
III,309,309,3,37.681391095328394,2.2574204684553383,38,0,10077
III,310,310,3,39.857011951277336,1.8007252190389809,40,0,10234
III,311,311,3,35.42565739751642,2.894281892329767,40,0,10363
III,312,312,3,31.6987135164253,3.3389153756675385,37,0,10450
III,313,313,3,29.55985625847242,3.6781290087017737,40,0,10615
III,314,314,3,24.054690496687666,2.8790821924476226,40,0,10730
III,315,315,3,23.33356156408176,2.6819208268374757,37,0,10884
III,316,316,3,25.95970291899243,2.9966229380120537,40,0,11040
III,317,317,3,26.647216454880024,2.6941201225548532,40,0,10059
III,318,318,3,30.772290230947135,3.116871936325602,37,0,10191
III,319,319,3,26.254153775475057,2.663574489718404,40,0,10189
III,320,320,3,27.360154138885118,2.5184732908390326,38,0,10425
III,321,321,3,26.454230567911125,2.2943408358706114,40,0,10469
III,322,322,3,26.198157064627104,2.4455438148540587,40,0,10461
III,323,323,3,26.64956577731686,2.5635640514647657,39,0,10500
III,324,324,3,27.1283834255486,2.5056790643285303,40,0,10467
III,325,325,3,22.207875390266235,1.8387360235511896,29,0,10506
III,326,326,3,23.578140820642993,1.4013213314509154,40,0,10323
III,327,327,3,22.142691494684602,0.6412808474948737,31,0,10430
III,328,328,3,19.98235189171858,1.1966054616558672,33,0,10393
III,329,329,3,18.318980245288333,1.3530578610916573,30,0,10380
III,330,330,3,17.081722043455283,1.2726380009181177,27,0,10410
III,331,331,3,18.451279516949178,1.3626939223940104,35,0,10454
III,332,332,3,17.299810158312066,1.282036064613503,34,0,10523
III,333,333,3,20.34859629095367,1.5872558441695526,40,0,10519
III,334,334,3,20.218905796233383,1.6400355499853643,32,0,10492
III,335,335,3,16.50402519169793,1.1265046151176037,34,0,10557
III,336,336,3,16.469558675868598,1.295759378076105,30,0,10484
III,337,337,3,17.549191922285935,1.3266414244930251,28,0,10555
III,338,338,3,16.307520146900842,1.584915680326754,28,0,10493
III,339,339,3,15.834147369097728,1.4172542189678754,38,0,10562
III,340,340,3,18.239554913851446,1.495436146610226,28,0,10548
III,341,341,3,15.033943705755682,1.4156565389656688,29,0,10578
III,342,342,3,18.40842737669187,1.8968064470979575,35,0,10570
III,343,343,3,13.884139144476913,1.4265731129466024,31,0,10600
III,344,344,3,13.288676380244539,1.5474393406899418,31,0,10627
III,345,345,3,14.112198748221859,1.4663262678395648,33,0,10689
III,346,346,3,15.024933041657428,1.551471613791261,32,0,10720
III,347,347,3,15.054018749340011,1.527790978615091,25,0,10749
III,348,348,3,16.545544306224475,1.5609290597964218,23,0,10741
III,349,349,3,14.115150585921478,1.8341930621449776,40,0,10839
III,350,350,3,14.925954618836032,1.8875912449114745,25,0,10795
III,351,351,3,14.257486514272783,1.6722824334462283,24,0,10894
III,352,352,3,14.004812164381468,1.9525790553537965,28,0,10898
III,353,353,3,11.238774991110928,1.601334384904797,29,0,10894
III,354,354,4,12.303124846784103,1.9217660490387714,31,0,10966
III,355,355,4,15.396263276451235,2.1868937719725197,34,0,10942
III,356,356,4,14.132749272677747,2.2248507482040702,35,0,11084
III,357,357,4,15.842340349562194,2.585259481451288,39,0,9965
III,358,358,4,13.735446769426328,2.2622127570233626,33,0,9969
III,359,359,4,15.222401171818678,2.4367373469013587,34,0,9970
III,360,360,4,13.156871384844724,2.0715924210013172,28,0,10022
III,361,361,4,15.88325064933491,2.5444577856883215,36,0,10060
III,362,362,4,14.157940114723736,2.669226069390434,40,0,10060
III,363,363,4,11.84307049000967,2.298543359408371,38,0,10122
III,364,364,4,13.753821202278647,2.6702507420852717,40,0,10082
III,365,365,4,16.033395796247248,2.526696004382371,26,0,10151
III,366,366,4,13.832134715219588,2.5985867683128436,33,0,10166
III,367,367,4,15.706559216588229,2.6029910548493556,31,0,10236
III,368,368,4,10.61953161248869,2.6755838210804095,40,0,10243
III,369,369,4,13.399231468788166,2.7855195739784544,37,0,10207
III,370,370,4,10.376200123745212,2.3218434400580024,31,0,10254
III,371,371,4,13.972186763605684,2.663568389756902,34,0,10268
III,372,372,4,10.72668987303839,2.4441686246527743,37,0,10311
III,373,373,4,9.497522922685569,2.2005238694686504,27,0,10372
III,374,374,4,10.783721341293168,2.5857165845816303,40,0,10356
III,375,375,4,10.600364434601218,2.4822713926677618,40,0,10362
III,376,376,4,10.579033163452324,2.5430737589191956,34,0,10378
III,377,377,4,11.451475778373796,2.64354793468753,35,0,10367
III,378,378,4,13.303101338260872,2.6211401508942602,39,0,10479
III,379,379,4,14.645597520670165,2.8738490900303084,36,0,10523
III,380,380,4,12.197278076127235,2.5418794908787596,35,0,10452
III,381,381,4,15.915235924991052,2.5866470846296115,28,0,10495
III,382,382,4,17.579208954072666,2.800437137889032,33,0,10506
III,383,383,4,19.193091799249594,3.1339522729300673,34,0,10539
III,384,384,4,18.66203032547282,2.783413348705505,40,0,10613
III,385,385,4,18.598297344098054,2.9160974228083547,39,0,10559
III,386,386,4,21.486132593000026,2.9163932729582087,32,0,10609
III,387,387,4,20.002355298653633,2.850007402953386,34,0,10574
III,388,388,4,19.483524185764548,2.6178538066356407,30,0,10649
III,389,389,4,23.03095849606304,2.8451358510437466,39,0,10655
III,390,390,4,21.080669717536136,2.5496416373148687,36,0,10702
III,391,391,4,18.387381191629284,2.6008392210886866,36,0,10700
III,392,392,4,23.074483612381268,2.668264038475768,31,0,10678
III,393,393,4,25.37390057421512,3.1029393710351743,38,0,10654
III,394,394,4,22.58340770441429,2.457684670470592,40,0,10717
III,395,395,4,24.68796193840794,2.920349192629952,40,0,10707
III,396,396,4,23.97769711947401,2.686804710284496,40,0,10721
III,397,397,4,23.066011006803745,2.5601874613726188,39,0,10680
III,398,398,4,21.761804440973783,2.239894402501679,37,0,10726
III,399,399,4,22.772032256896257,2.2875279873227163,31,0,10666
III,400,400,4,22.125961249261184,1.9455790323174988,37,0,10726
III,401,401,4,22.801566580704183,2.2145483097684138,30,0,10726
III,402,402,4,22.87861063089126,2.0374347238565726,24,0,10665
III,403,403,4,23.82068955933623,2.3307566225247602,27,0,10596
III,404,404,5,21.644376282502897,1.7713989817816664,29,0,10497
III,405,405,5,22.4656014585397,1.8973661387587275,20,0,10495
III,406,406,5,22.580205057539075,1.8724650582069229,28,0,10390
III,407,407,5,23.305502424986667,1.8901967245386122,25,0,10288
III,408,408,5,22.645881385146797,2.0505305438721737,36,0,10181
III,409,409,5,20.52376997634373,1.7290773858584074,33,0,10089
III,410,410,5,20.668197863382026,1.5986458182980021,27,0,9965
III,411,411,5,18.395813578450323,1.3593657839704187,23,0,9855
III,412,412,5,20.143171652658495,1.5116123627619218,22,0,9786
III,413,413,5,20.019185075584645,1.5961489216225668,33,0,9759
III,414,414,5,19.370085796896486,1.4352086678206692,23,0,9569
III,415,415,5,19.883152905055415,1.5723424701074737,21,0,9494
III,416,416,5,19.108437887135963,1.5042170521455291,25,0,9369
III,417,417,5,20.53351718449182,1.6077017013741268,20,0,9313
III,418,418,5,19.99816148400939,1.2893850389275583,19,0,9276
III,419,419,5,20.916169004762388,1.3626915103927137,17,0,9150
III,420,420,5,22.088590508157665,1.2817096667324048,23,0,9116
III,421,421,5,20.121881189292658,0.9937273116315419,11,0,9001
III,422,422,5,22.152490103166237,1.3870331628038437,18,0,8884
III,423,423,5,18.69706628395725,0.9353020545509543,11,0,9919
III,424,424,5,20.749806721780224,1.112801393220536,16,0,9898
III,425,425,5,21.12082687824051,1.2890178935139176,15,0,9637
III,426,426,5,20.73056155739648,1.2356515480443697,16,0,9627
III,427,427,5,21.929491383735385,1.2006168943050797,16,0,9379
III,428,428,5,21.042710909199098,1.123176236761237,17,0,9261
III,429,429,5,21.905152182394303,1.087408735888979,14,0,9073
III,430,430,5,22.511687570879637,1.1890860382508528,14,0,9062
III,431,431,5,23.97449408947347,1.2540835015086214,25,0,8848
III,432,432,5,23.726666826637192,1.2220398887402444,20,0,9775
III,433,433,5,23.35132779987479,1.26126378756013,20,0,9775
III,434,434,5,25.241704547351194,1.3945056448910365,18,0,9495
III,435,435,5,25.62080706211106,1.2230088311754312,17,0,9428
III,436,436,5,24.78049027522771,1.0795313944431693,18,0,9271
III,437,437,5,23.965118100376163,0.9955921000620263,17,0,9201
III,438,438,5,21.32165400724473,0.9021032749816246,15,0,8976
III,439,439,5,22.32578576064851,0.9412672492216262,14,0,9880
III,440,440,5,22.045718437734863,0.946100101662035,21,0,9639
III,441,441,5,21.19816540336683,0.97728233936608,16,0,9547
III,442,442,5,23.65730926544341,0.889123936235246,15,0,9475
III,443,443,5,24.08055463174329,0.9894812798568671,25,0,9511
III,444,444,5,24.04551980821234,1.0907999349980884,20,0,9403
III,445,445,5,24.347639036636114,0.9623478314766769,17,0,9726
III,446,446,5,24.861226177995547,1.0795361410629727,21,0,9796
III,447,447,5,27.792798374113527,1.1757933232848263,25,0,9779
III,448,448,5,27.195272862519154,1.1475688307973892,24,0,9906
III,449,449,5,28.10709659287016,1.368468125515792,20,0,10137
III,450,450,5,29.51093332183155,1.2585455107174295,17,0,10215
III,451,451,5,29.96032468097384,1.30780771867298,17,0,10488
III,452,452,5,31.444260646388,1.465640786402886,21,0,10675
III,453,453,5,29.407136215525615,1.492954226561704,40,0,10934
III,454,454,6,28.505620971475192,1.360627137023525,26,0,11226
III,455,455,6,30.396368088599377,1.4725204086474089,35,0,10137
III,456,456,6,30.335657515884936,1.2700025597437115,30,0,10307
III,457,457,6,28.402928141433303,0.9649129170005022,40,0,10342
III,458,458,6,29.297663632438393,1.2974583207777788,28,0,10528
III,459,459,6,29.72427899067992,1.2488167087175597,37,0,10407
III,460,460,6,29.71221121960509,1.2727266158389698,33,0,10481
III,461,461,6,27.304299431540674,1.011629740803855,30,0,10464
III,462,462,6,26.66304020399441,1.1875145185811495,24,0,10428
III,463,463,6,27.563041362576957,1.1706380720736205,28,0,10392
III,464,464,6,29.475049765987574,1.1667630295265172,37,0,10474
III,465,465,6,30.654288407251197,0.9615589815897104,35,0,10264
III,466,466,6,33.029798288955405,1.0346185386436124,32,0,10126
III,467,467,6,34.83405093917782,1.042189597558622,33,0,10022
III,468,468,6,37.6809108136905,0.8751570021793842,40,0,9996
III,469,469,6,39.015067040784615,0.9018802306383606,40,0,10088
III,470,470,6,31.37704150947848,1.4316775742522756,40,0,10054
III,471,471,6,34.814461817389535,1.3871767165359774,38,0,9958
III,472,472,6,35.21927634110585,1.5554096783572244,40,0,10037
III,473,473,6,35.76144552821199,1.3876547667335526,40,0,10095
III,474,474,6,37.688279686967974,1.4575361172603514,38,0,10143
III,475,475,6,37.9704897888605,1.3247076609814514,35,0,10324
III,476,476,6,41.54340457020295,1.3188032579505522,40,0,10632
III,477,477,6,45.52116554758932,0.6848078961476463,40,0,10651
III,478,478,6,46.47864216888105,0.8025666589244531,40,0,10715
III,479,479,6,46.875755043802386,1.146111812116282,37,0,10827
III,480,480,6,48.82328219954949,0.6785155338416476,40,0,10696
III,481,481,6,50.55339589358164,0.856952705708693,37,0,10790
III,482,482,6,53.98351423076333,1.0425973437686327,27,0,10674
III,483,483,6,53.54783958844156,0.840769540337201,38,0,10434
III,484,484,6,59.223682914665154,1.091145210097299,40,0,10272
III,485,485,6,55.007073627221075,1.1333718163708033,36,0,10280
III,486,486,6,55.8875918654692,0.9830895547352452,33,0,10173
III,487,487,6,55.870050930272356,1.3322045168276937,37,0,10092
III,488,488,6,52.96547970243553,1.735168818575124,31,0,9953
III,489,489,6,51.04804449158659,1.7834511671983941,34,0,9919
III,490,490,6,50.133886805918145,1.7652504111260399,33,0,9963
III,491,491,6,51.135468808489456,1.6931895754819122,33,0,10038
III,492,492,6,47.441485849123225,1.6944369336192677,38,0,9986
III,493,493,6,54.48930616452024,2.989481853281345,22,0,9959
III,494,494,6,70.72356244337671,4.648740768233406,38,0,9969
III,495,495,6,96.78347758876191,8.019396654778317,40,0,10005
III,496,496,6,124.26373376553717,11.203485445698556,40,0,10034
III,497,497,6,130.2402831701217,11.649950505626428,40,0,9854
III,498,498,6,145.42027373684047,12.575498452931585,40,0,10018
III,499,499,6,68.43493684801808,4.259004981483416,40,0,10032
III,500,500,6,54.06853053584232,2.28432118274706,23,0,10095
III,501,501,6,55.59843147117912,1.7245046658338457,40,0,10204
III,502,502,6,61.156197516428804,1.8851966449220992,32,0,10280
III,503,503,6,57.995573964096685,1.7576815070394678,34,0,10173
III,504,504,7,58.77208999827331,1.9092079519264595,40,0,10268
III,505,505,7,56.16375531673272,1.7420859469801373,40,0,10312
III,506,506,7,54.418750630037714,1.4698553196388606,40,0,10371
III,507,507,7,56.646146447558856,1.708095244620931,40,0,10464
III,508,508,7,55.290151484869455,1.2993155638226102,40,0,10543
III,509,509,7,52.22384129112391,1.8285060033454983,40,0,10605
III,510,510,7,53.687964153702374,1.1541803367152785,40,0,10718
III,511,511,7,54.2899238362673,1.2026965010740052,40,0,10925
III,512,512,7,61.225577592128296,1.9494052571490101,40,0,11148
III,513,513,7,58.12022166284056,0.9556710376537831,40,0,10125
III,514,514,7,54.68073144575921,1.5981475527671476,39,0,10281
III,515,515,7,49.806095659957045,1.2909450724373366,40,0,10317
III,516,516,7,47.29553316426794,1.206726827634349,40,0,10421
III,517,517,7,55.4208386859992,2.3681792263953745,34,0,10662
III,518,518,7,121.41634381611412,9.468513951059018,40,0,10757
III,519,519,7,104.49781887239719,8.35191911433736,28,0,10989
III,520,520,7,121.4901792698892,9.319740248773366,40,0,11227
III,521,521,7,100.99590165636498,8.198328244611108,35,0,10083
III,522,522,7,143.61288529397763,11.08074686548068,25,0,10248
III,523,523,7,147.63404158484593,11.397310301784575,20,0,10342
III,524,524,7,158.1977101948289,12.23911207148437,35,0,10556
